name,country,min_price_country,product_url,collection,reference,price_USD,min_price,price_diff
Radiomir Quaranta,USA,USA,https://www.panerai.com/us/en/collections/watch-collection/radiomir/pam01570-radiomir-quaranta.html,Radiomir,PAM01570,6000.0,6000.0,0.0
Radiomir Quaranta,USA,USA,https://www.panerai.com/us/en/collections/watch-collection/radiomir/pam01571-radiomir-quaranta.html,Radiomir,PAM01571,6000.0,6000.0,0.0
Radiomir Quaranta,USA,USA,https://www.panerai.com/us/en/collections/watch-collection/radiomir/pam01572-radiomir-quaranta.html,Radiomir,PAM01572,6000.0,6000.0,0.0
Radiomir Quaranta,USA,USA,https://www.panerai.com/us/en/collections/watch-collection/radiomir/pam01573-radiomir-quaranta.html,Radiomir,PAM01573,6000.0,6000.0,0.0
Radiomir Officine,USA,USA,https://www.panerai.com/us/en/collections/watch-collection/radiomir/pam01385-radiomir-officine.html,Radiomir,PAM01385,5400.0,5400.0,0.0
Radiomir Officine,USA,USA,https://www.panerai.com/us/en/collections/watch-collection/radiomir/pam01384-radiomir-officine.html,Radiomir,PAM01384,5400.0,5400.0,0.0
Radiomir Officine,USA,USA,https://www.panerai.com/us/en/collections/watch-collection/radiomir/pam01383-radiomir-officine.html,Radiomir,PAM01383,4900.0,4900.0,0.0
Radiomir Officine,USA,USA,https://www.panerai.com/us/en/collections/watch-collection/radiomir/pam01382-radiomir-officine.html,Radiomir,PAM01382,4900.0,4900.0,0.0
Radiomir Tre Giorni,USA,USA,https://www.panerai.com/us/en/collections/watch-collection/radiomir/pam01334-radiomir-tre-giorni.html,Radiomir,PAM01334,7100.0,7100.0,0.0
Radiomir Tre Giorni,USA,USA,https://www.panerai.com/us/en/collections/watch-collection/radiomir/pam01335-radiomir-tre-giorni.html,Radiomir,PAM01335,7100.0,7100.0,0.0
Radiomir Tre Giorni,USA,USA,https://www.panerai.com/us/en/collections/watch-collection/radiomir/pam01350-radiomir-tre-giorni.html,Radiomir,PAM01350,7100.0,7100.0,0.0
Radiomir Otto Giorni,USA,USA,https://www.panerai.com/us/en/collections/watch-collection/radiomir/pam01347-radiomir-otto-giorni.html,Radiomir,PAM01347,9700.0,9700.0,0.0
Radiomir Otto Giorni,USA,USA,https://www.panerai.com/us/en/collections/watch-collection/radiomir/pam01348-radiomir-otto-giorni.html,Radiomir,PAM01348,9700.0,9700.0,0.0
Radiomir California,USA,USA,https://www.panerai.com/us/en/collections/watch-collection/radiomir/pam01349-radiomir-california.html,Radiomir,PAM01349,12300.0,12300.0,0.0
Radiomir 8 Giorni Eilean,USA,USA,https://www.panerai.com/us/en/collections/watch-collection/radiomir/pam01643-radiomir-8-giorni-eilean.html,Radiomir,PAM01643,42300.0,42300.0,0.0
Radiomir Tourbillon GMT Bronzo,USA,USA,https://www.panerai.com/us/en/collections/watch-collection/radiomir/pam01284-radiomir-tourbillon-gmt-bronzo.html,Radiomir,PAM01284,146700.0,146700.0,0.0
Radiomir Bronzo,USA,USA,https://www.panerai.com/us/en/collections/watch-collection/radiomir/pam00760-radiomir-bronzo.html,Radiomir,PAM00760,18600.0,18600.0,0.0
Radiomir Quaranta Goldtech™,USA,USA,https://www.panerai.com/us/en/collections/watch-collection/radiomir/pam01026-radiomir-quaranta-goldtech.html,Radiomir,PAM01026,18200.0,18200.0,0.0
Radiomir Quaranta Yellow Gold,USA,USA,https://www.panerai.com/us/en/collections/watch-collection/radiomir/pam01437-radiomir-quaranta-yellow-gold.html,Radiomir,PAM01437,18200.0,18200.0,0.0
Radiomir Annual Calendar Goldtech™,USA,USA,https://www.panerai.com/us/en/collections/watch-collection/radiomir/pam01363-radiomir-annual-calendar-goldtech.html,Radiomir,PAM01363,34500.0,34500.0,0.0
Radiomir Annual Calendar Platinumtech™,USA,USA,https://www.panerai.com/us/en/collections/watch-collection/radiomir/pam01364-radiomir-annual-calendar-platinumtech.html,Radiomir,PAM01364,50900.0,50900.0,0.0
Radiomir Perpetual Calendar GMT Goldtech™,USA,USA,https://www.panerai.com/us/en/collections/watch-collection/radiomir/pam01453-radiomir-perpetual-calendar-gmt-goldtech.html,Radiomir,PAM01453,43200.0,43200.0,0.0
Radiomir Minute Repeater Tourbillon GMT,USA,USA,https://www.panerai.com/us/en/collections/watch-collection/radiomir/pam00600-radiomir-minute-repeater-tourbillon-gmt.html,Radiomir,PAM00600,396800.0,396800.0,0.0
Luminor Base Logo,USA,USA,https://www.panerai.com/us/en/collections/watch-collection/luminor/pam01623-luminor-base-logo.html,Luminor,PAM01623,5600.0,5600.0,0.0
Luminor Base Logo,USA,USA,https://www.panerai.com/us/en/collections/watch-collection/luminor/pam01087-luminor-base-logo.html,Luminor,PAM01087,5600.0,5600.0,0.0
Luminor Base Logo,USA,USA,https://www.panerai.com/us/en/collections/watch-collection/luminor/pam01086-luminor-base-logo.html,Luminor,PAM01086,5600.0,5600.0,0.0
Luminor Logo,USA,USA,https://www.panerai.com/us/en/collections/watch-collection/luminor/pam01084-luminor-logo.html,Luminor,PAM01084,6100.0,6100.0,0.0
Luminor Logo ,USA,USA,https://www.panerai.com/us/en/collections/watch-collection/luminor/pam01085-luminor-logo.html,Luminor,PAM01085,6100.0,6100.0,0.0
Luminor Logo,USA,USA,https://www.panerai.com/us/en/collections/watch-collection/luminor/pam01624-luminor-logo.html,Luminor,PAM01624,6100.0,6100.0,0.0
Luminor Tre Giorni,USA,USA,https://www.panerai.com/us/en/collections/watch-collection/luminor/pam01628-luminor-tre-giorni.html,Luminor,PAM01628,10500.0,10500.0,0.0
Luminor 8 Giorni,USA,USA,https://www.panerai.com/us/en/collections/watch-collection/luminor/pam00914-luminor-8-giorni.html,Luminor,PAM00914,7100.0,7100.0,0.0
Luminor 8 Giorni,USA,USA,https://www.panerai.com/us/en/collections/watch-collection/luminor/pam00915-luminor-8-giorni.html,Luminor,PAM00915,7600.0,7600.0,0.0
Luminor Destro Otto Giorni,USA,USA,https://www.panerai.com/us/en/collections/watch-collection/luminor/pam01655-luminor-destro-otto-giorni.html,Luminor,PAM01655,8100.0,8100.0,0.0
Luminor Marina,USA,USA,https://www.panerai.com/us/en/collections/watch-collection/luminor/pam00422-luminor-marina.html,Luminor,PAM00422,11300.0,11300.0,0.0
Luminor Quaranta,USA,USA,https://www.panerai.com/us/en/collections/watch-collection/luminor/pam01371-luminor-quaranta.html,Luminor,PAM01371,7800.0,7800.0,0.0
Luminor Quaranta,USA,USA,https://www.panerai.com/us/en/collections/watch-collection/luminor/pam01370-luminor-quaranta.html,Luminor,PAM01370,7800.0,7800.0,0.0
Luminor Quaranta,USA,USA,https://www.panerai.com/us/en/collections/watch-collection/luminor/pam01372-luminor-quaranta.html,Luminor,PAM01372,7800.0,7800.0,0.0
Luminor Quaranta Steel DLC Luna Rossa,USA,USA,https://www.panerai.com/us/en/collections/watch-collection/luminor/pam01408-luminor-quaranta-steel-dlc-luna-rossa.html,Luminor,PAM01408,9300.0,9300.0,0.0
Luminor Quaranta Carbotech™,USA,USA,https://www.panerai.com/us/en/collections/watch-collection/luminor/pam01526-luminor-quaranta-carbotech.html,Luminor,PAM01526,13300.0,13300.0,0.0
Luminor Marina,USA,USA,https://www.panerai.com/us/en/collections/watch-collection/luminor/pam01314-luminor-marina.html,Luminor,PAM01314,8800.0,8800.0,0.0
Luminor Marina,USA,USA,https://www.panerai.com/us/en/collections/watch-collection/luminor/pam01313-luminor-marina.html,Luminor,PAM01313,8800.0,8800.0,0.0
Luminor Marina,USA,USA,https://www.panerai.com/us/en/collections/watch-collection/luminor/pam01312-luminor-marina.html,Luminor,PAM01312,8800.0,8800.0,0.0
Luminor Marina Blu Profondo,USA,USA,https://www.panerai.com/us/en/collections/watch-collection/luminor/pam01157-luminor-marina-blu-profondo.html,Luminor,PAM01157,9400.0,9400.0,0.0
Luminor Marina Verde Smeraldo,USA,USA,https://www.panerai.com/us/en/collections/watch-collection/luminor/pam01356-luminor-marina-verde-smeraldo.html,Luminor,PAM01356,9400.0,9400.0,0.0
Luminor Marina Grigio Roccia,USA,USA,https://www.panerai.com/us/en/collections/watch-collection/luminor/pam01358-luminor-marina-grigio-roccia.html,Luminor,PAM01358,9400.0,9400.0,0.0
Luminor Marina,USA,USA,https://www.panerai.com/us/en/collections/watch-collection/luminor/pam01564-luminor-marina.html,Luminor,PAM01564,9500.0,9500.0,0.0
Luminor Marina,USA,USA,https://www.panerai.com/us/en/collections/watch-collection/luminor/pam01316-luminor-marina.html,Luminor,PAM01316,9500.0,9500.0,0.0
Luminor Marina,USA,USA,https://www.panerai.com/us/en/collections/watch-collection/luminor/pam01562-luminor-marina.html,Luminor,PAM01562,9500.0,9500.0,0.0
Luminor Marina Navy SEALs,USA,USA,https://www.panerai.com/us/en/collections/watch-collection/luminor/pam01412-luminor-marina-navy-seals.html,Luminor,PAM01412,9800.0,9800.0,0.0
Luminor Marina Carbotech™,USA,USA,https://www.panerai.com/us/en/collections/watch-collection/luminor/pam02661-luminor-marina-carbotech.html,Luminor,PAM02661,14800.0,14800.0,0.0
Luminor Marina TuttoGrigio,USA,USA,https://www.panerai.com/us/en/collections/watch-collection/luminor/pam02662-luminor-marina-tuttogrigio.html,Luminor,PAM02662,16300.0,16300.0,0.0
Luminor Marina Goldtech™ ,USA,USA,https://www.panerai.com/us/en/collections/watch-collection/luminor/pam01112-luminor-marina-goldtech.html,Luminor,PAM01112,26800.0,26800.0,0.0
Luminor Quaranta BiTempo,USA,USA,https://www.panerai.com/us/en/collections/watch-collection/luminor/pam01365-luminor-quaranta-bitempo.html,Luminor,PAM01365,9200.0,9200.0,0.0
Luminor Quaranta BiTempo,USA,USA,https://www.panerai.com/us/en/collections/watch-collection/luminor/pam01367-luminor-quaranta-bitempo.html,Luminor,PAM01367,9200.0,9200.0,0.0
Luminor Quaranta BiTempo Luna Rossa,USA,USA,https://www.panerai.com/us/en/collections/watch-collection/luminor/pam01404-luminor-quaranta-bitempo-luna-rossa.html,Luminor,PAM01404,9600.0,9600.0,0.0
Luminor Quaranta BiTempo,USA,USA,https://www.panerai.com/us/en/collections/watch-collection/luminor/pam01640-luminor-quaranta-bitempo.html,Luminor,PAM01640,9800.0,9800.0,0.0
Luminor Quaranta BiTempo Goldtech™,USA,USA,https://www.panerai.com/us/en/collections/watch-collection/luminor/pam01641-luminor-quaranta-bitempo-goldtech.html,Luminor,PAM01641,25400.0,25400.0,0.0
Luminor BiTempo Power Reserve,USA,USA,https://www.panerai.com/us/en/collections/watch-collection/luminor/pam01360-luminor-bitempo-power-reserve.html,Luminor,PAM01360,10600.0,10600.0,0.0
Luminor BiTempo Power Reserve,USA,USA,https://www.panerai.com/us/en/collections/watch-collection/luminor/pam01361-luminor-bitempo-power-reserve.html,Luminor,PAM01361,10600.0,10600.0,0.0
Luminor GMT,USA,USA,https://www.panerai.com/us/en/collections/watch-collection/luminor/pam01441-luminor-gmt.html,Luminor,PAM01441,14900.0,14900.0,0.0
Luminor GMT Power Reserve Ceramica,USA,USA,https://www.panerai.com/us/en/collections/watch-collection/luminor/pam01674-luminor-gmt-power-reserve-ceramica.html,Luminor,PAM01674,19100.0,19100.0,0.0
Luminor Chrono,USA,USA,https://www.panerai.com/us/en/collections/watch-collection/luminor/pam01218-luminor-chrono.html,Luminor,PAM01218,10000.0,10000.0,0.0
Luminor Chrono,USA,USA,https://www.panerai.com/us/en/collections/watch-collection/luminor/pam01109-luminor-chrono.html,Luminor,PAM01109,10000.0,10000.0,0.0
Luminor Chrono,USA,USA,https://www.panerai.com/us/en/collections/watch-collection/luminor/pam01110-luminor-chrono.html,Luminor,PAM01110,10800.0,10800.0,0.0
Luminor Chrono,USA,USA,https://www.panerai.com/us/en/collections/watch-collection/luminor/pam01548-luminor-chrono.html,Luminor,PAM01548,10800.0,10800.0,0.0
Luminor Chrono Carbotech™,USA,USA,https://www.panerai.com/us/en/collections/watch-collection/luminor/pam01219-luminor-chrono-carbotech.html,Luminor,PAM01219,16600.0,16600.0,0.0
Luminor Chrono Goldtech™,USA,USA,https://www.panerai.com/us/en/collections/watch-collection/luminor/pam01111-luminor-chrono-goldtech.html,Luminor,PAM01111,29400.0,29400.0,0.0
Luminor Chrono Navy SEALs,USA,USA,https://www.panerai.com/us/en/collections/watch-collection/luminor/pam01409-luminor-chrono-navy-seals.html,Luminor,PAM01409,11000.0,11000.0,0.0
Luminor Chrono Carbotech™ Navy SEALs,USA,USA,https://www.panerai.com/us/en/collections/watch-collection/luminor/pam01419-luminor-chrono-carbotech-navy-seals.html,Luminor,PAM01419,17900.0,17900.0,0.0
Luminor Dieci Giorni GMT,USA,USA,https://www.panerai.com/us/en/collections/watch-collection/luminor/pam01482-luminor-dieci-giorni-gmt.html,Luminor,PAM01482,15200.0,15200.0,0.0
Luminor Dieci Giorni GMT Ceramica,USA,USA,https://www.panerai.com/us/en/collections/watch-collection/luminor/pam01483-luminor-dieci-giorni-gmt-ceramica.html,Luminor,PAM01483,19500.0,19500.0,0.0
Luminor Perpetual Calendar GMT Goldtech™ ,USA,USA,https://www.panerai.com/us/en/collections/watch-collection/luminor/pam00742-luminor-perpetual-calendar-gmt-goldtech.html,Luminor,PAM00742,44900.0,44900.0,0.0
Luminor Perpetual Calendar GMT Platinumtech™,USA,USA,https://www.panerai.com/us/en/collections/watch-collection/luminor/pam00715-luminor-perpetual-calendar-gmt-platinumtech.html,Luminor,PAM00715,62100.0,62100.0,0.0
Luminor Perpetual Calendar Goldtech™,USA,USA,https://www.panerai.com/us/en/collections/watch-collection/luminor/pam01688-luminor-perpetual-calendar-goldtech.html,Luminor,PAM01688,45800.0,45800.0,0.0
Luminor Equation of Time GMT Titanio,USA,USA,https://www.panerai.com/us/en/collections/watch-collection/luminor/pam00670-luminor-equation-of-time-gmt-titanio.html,Luminor,PAM00670,24000.0,24000.0,0.0
Luminor Tourbillon GMT,USA,USA,https://www.panerai.com/us/en/collections/watch-collection/luminor/pam01060-luminor-tourbillon-gmt.html,Luminor,PAM01060,163100.0,163100.0,0.0
Luminor Tourbillon Moon Phases Equation of Time GMT - L’Astronomo,USA,USA,https://www.panerai.com/us/en/collections/watch-collection/luminor/pam00920-luminor-tourbillon-moon-phases-equation-of-time-gmt--la.html,Luminor,PAM00920,232900.0,232900.0,0.0
Submersible Luna Rossa,USA,USA,https://www.panerai.com/us/en/collections/watch-collection/submersible/pam01565-submersible-luna-rossa.html,Submersible,PAM01565,11300.0,11300.0,0.0
Submersible Luna Rossa,USA,USA,https://www.panerai.com/us/en/collections/watch-collection/submersible/pam01579-submersible-luna-rossa.html,Submersible,PAM01579,11000.0,11000.0,0.0
Submersible GMT Luna Rossa Titanio,USA,USA,https://www.panerai.com/us/en/collections/watch-collection/submersible/pam01507-submersible-gmt-luna-rossa-titanio.html,Submersible,PAM01507,12300.0,12300.0,0.0
Submersible Luna Rossa Carbotech™,USA,USA,https://www.panerai.com/us/en/collections/watch-collection/submersible/pam01563-submersible-luna-rossa-carbotech.html,Submersible,PAM01563,18100.0,18100.0,0.0
Submersible QuarantaQuattro Luna Rossa Ti-Ceramitech™,USA,USA,https://www.panerai.com/us/en/collections/watch-collection/submersible/pam01543-submersible-quarantaquattro-luna-rossa-ti-ceramitech.html,Submersible,PAM01543,16600.0,16600.0,0.0
Submersible QuarantaQuattro Luna Rossa Ti-Ceramitech™,USA,USA,https://www.panerai.com/us/en/collections/watch-collection/submersible/pam01466-submersible-quarantaquattro-luna-rossa-ti-ceramitech.html,Submersible,PAM01466,16600.0,16600.0,0.0
Submersible Tourbillon GMT Luna Rossa Experience Edition,USA,USA,https://www.panerai.com/us/en/collections/watch-collection/submersible/pam01405-submersible-tourbillon-gmt-luna-rossa-experience-editio.html,Submersible,PAM01405,168200.0,168200.0,0.0
Submersible QuarantaQuattro GMT Navy SEALs Carbotech™,USA,USA,https://www.panerai.com/us/en/collections/watch-collection/submersible/pam01513-submersible-quarantaquattro-gmt-navy-seals-carbotech.html,Submersible,PAM01513,19700.0,19700.0,0.0
Submersible,USA,USA,https://www.panerai.com/us/en/collections/watch-collection/submersible/pam01590-submersible.html,Submersible,PAM01590,9500.0,9500.0,0.0
Submersible,USA,USA,https://www.panerai.com/us/en/collections/watch-collection/submersible/pam02973-submersible.html,Submersible,PAM02973,9500.0,9500.0,0.0
Submersible,USA,USA,https://www.panerai.com/us/en/collections/watch-collection/submersible/pam02683-submersible.html,Submersible,PAM02683,10500.0,10500.0,0.0
Submersible,USA,USA,https://www.panerai.com/us/en/collections/watch-collection/submersible/pam02068-submersible.html,Submersible,PAM02068,11700.0,11700.0,0.0
Submersible QuarantaQuattro,USA,USA,https://www.panerai.com/us/en/collections/watch-collection/submersible/pam01595-submersible-quarantaquattro.html,Submersible,PAM01595,9900.0,9900.0,0.0
Submersible QuarantaQuattro,USA,USA,https://www.panerai.com/us/en/collections/watch-collection/submersible/pam01596-submersible-quarantaquattro.html,Submersible,PAM01596,9900.0,9900.0,0.0
Submersible QuarantaQuattro Navy SEALs,USA,USA,https://www.panerai.com/us/en/collections/watch-collection/submersible/pam01518-submersible-quarantaquattro-navy-seals.html,Submersible,PAM01518,10200.0,10200.0,0.0
Submersible GMT Navy SEALs,USA,USA,https://www.panerai.com/us/en/collections/watch-collection/submersible/pam01323-submersible-gmt-navy-seals.html,Submersible,PAM01323,11100.0,11100.0,0.0
Submersible QuarantaQuattro Mike Horn   ,USA,USA,https://www.panerai.com/us/en/collections/watch-collection/submersible/pam01676-submersible-quarantaquattro-mike-horn.html,Submersible,PAM01676,11900.0,11900.0,0.0
Submersible QuarantaQuattro Luna Rossa,USA,USA,https://www.panerai.com/us/en/collections/watch-collection/submersible/pam01681-submersible-quarantaquattro-luna-rossa.html,Submersible,PAM01681,12100.0,12100.0,0.0
Submersible QuarantaQuattro Grigio Roccia,USA,USA,https://www.panerai.com/us/en/collections/watch-collection/submersible/pam01288-submersible-quarantaquattro-grigio-roccia.html,Submersible,PAM01288,11600.0,11600.0,0.0
Submersible QuarantaQuattro Blu Profondo,USA,USA,https://www.panerai.com/us/en/collections/watch-collection/submersible/pam01289-submersible-quarantaquattro-blu-profondo.html,Submersible,PAM01289,11600.0,11600.0,0.0
Submersible QuarantaQuattro Verde Smeraldo,USA,USA,https://www.panerai.com/us/en/collections/watch-collection/submersible/pam01287-submersible-quarantaquattro-verde-smeraldo.html,Submersible,PAM01287,11600.0,11600.0,0.0
Submersible Carbotech™,USA,USA,https://www.panerai.com/us/en/collections/watch-collection/submersible/pam02231-submersible-carbotech.html,Submersible,PAM02231,17600.0,17600.0,0.0
Submersible Bronzo ,USA,USA,https://www.panerai.com/us/en/collections/watch-collection/submersible/pam01074-submersible-bronzo.html,Submersible,PAM01074,17700.0,17700.0,0.0
Submersible QuarantaQuattro Carbotech™,USA,USA,https://www.panerai.com/us/en/collections/watch-collection/submersible/pam01232-submersible-quarantaquattro-carbotech.html,Submersible,PAM01232,18600.0,18600.0,0.0
Submersible S Brabus Blue Shadow Edition,USA,USA,https://www.panerai.com/us/en/collections/watch-collection/submersible/pam01241-submersible-s-brabus-blue-shadow-edition.html,Submersible,PAM01241,44900.0,44900.0,0.0
Submersible S Brabus,USA,USA,https://www.panerai.com/us/en/collections/watch-collection/submersible/pam01403-submersible-s-brabus.html,Submersible,PAM01403,44900.0,44900.0,0.0
Submersible S Brabus Carbotech™,USA,USA,https://www.panerai.com/us/en/collections/watch-collection/submersible/pam01283-submersible-s-brabus-carbotech.html,Submersible,PAM01283,44900.0,44900.0,0.0
Submersible Titanio,USA,USA,https://www.panerai.com/us/en/collections/watch-collection/submersible/pam02305-submersible-titanio.html,Submersible,PAM02305,10700.0,10700.0,0.0
Submersible BMG-TECH™,USA,USA,https://www.panerai.com/us/en/collections/watch-collection/submersible/pam02692-submersible-bmg-tech.html,Submersible,PAM02692,14800.0,14800.0,0.0
Submersible Navy SEALs Titanio,USA,USA,https://www.panerai.com/us/en/collections/watch-collection/submersible/pam01669-submersible-navy-seals-titanio.html,Submersible,PAM01669,13700.0,13700.0,0.0
Submersible Carbotech™,USA,USA,https://www.panerai.com/us/en/collections/watch-collection/submersible/pam02616-submersible-carbotech.html,Submersible,PAM02616,18900.0,18900.0,0.0
Submersible Marina Militare Carbotech™,USA,USA,https://www.panerai.com/us/en/collections/watch-collection/submersible/pam02979-submersible-marina-militare-carbotech.html,Submersible,PAM02979,20200.0,20200.0,0.0
Submersible Bronzo,USA,USA,https://www.panerai.com/us/en/collections/watch-collection/submersible/pam00968-submersible-bronzo.html,Submersible,PAM00968,18600.0,18600.0,0.0
Submersible GMT Titanio Mike Horn Experience Edition,USA,USA,https://www.panerai.com/us/en/collections/watch-collection/submersible/pam01670-submersible-gmt-titanio-mike-horn-experience-edition.html,Submersible,PAM01670,82000.0,82000.0,0.0
Submersible Elux LAB-ID,USA,USA,https://www.panerai.com/us/en/collections/watch-collection/submersible/pam01800-submersible-elux-lab-id.html,Submersible,PAM01800,93200.0,93200.0,0.0
Submersible Forze Speciali,USA,USA,https://www.panerai.com/us/en/collections/watch-collection/submersible/pam02239-submersible-forze-speciali.html,Submersible,PAM02239,30400.0,30400.0,0.0
Submersible Chrono Navy SEALs Titanio,USA,USA,https://www.panerai.com/us/en/collections/watch-collection/submersible/pam01521-submersible-chrono-navy-seals-titanio.html,Submersible,PAM01521,34200.0,34200.0,0.0
Submersible Goldtech™,USA,USA,https://www.panerai.com/us/en/collections/watch-collection/submersible/pam02164-submersible-goldtech.html,Submersible,PAM02164,29900.0,29900.0,0.0
Submersible QuarantaQuattro Goldtech™ OroCarbo,USA,USA,https://www.panerai.com/us/en/collections/watch-collection/submersible/pam02070-submersible-quarantaquattro-goldtech-orocarbo.html,Submersible,PAM02070,33300.0,33300.0,0.0
Luminor Due Luna Rossa,USA,USA,https://www.panerai.com/us/en/collections/watch-collection/luminor-due/pam01378-luminor-due-luna-rossa.html,Luminor Due,PAM01378,7400.0,7400.0,0.0
Luminor Due,USA,USA,https://www.panerai.com/us/en/collections/watch-collection/luminor-due/pam01248-luminor-due.html,Luminor Due,PAM01248,6900.0,6900.0,0.0
Luminor Due,USA,USA,https://www.panerai.com/us/en/collections/watch-collection/luminor-due/pam01273-luminor-due.html,Luminor Due,PAM01273,6900.0,6900.0,0.0
Luminor Due,USA,USA,https://www.panerai.com/us/en/collections/watch-collection/luminor-due/pam01552-luminor-due.html,Luminor Due,PAM01552,6900.0,6900.0,0.0
Luminor Due,USA,USA,https://www.panerai.com/us/en/collections/watch-collection/luminor-due/pam01425-luminor-due-prada-re-nylon.html,Luminor Due,PAM01425,6900.0,6900.0,0.0
Luminor Due,USA,USA,https://www.panerai.com/us/en/collections/watch-collection/luminor-due/pam01426-luminor-due-prada-re-nylon.html,Luminor Due,PAM01426,6900.0,6900.0,0.0
Luminor Due,USA,USA,https://www.panerai.com/us/en/collections/watch-collection/luminor-due/pam01123-luminor-due.html,Luminor Due,PAM01123,7700.0,7700.0,0.0
Luminor Due,USA,USA,https://www.panerai.com/us/en/collections/watch-collection/luminor-due/pam01508-luminor-due.html,Luminor Due,PAM01508,7900.0,7900.0,0.0
Luminor Due Pastello,USA,USA,https://www.panerai.com/us/en/collections/watch-collection/luminor-due/pam01311-luminor-due-pastello.html,Luminor Due,PAM01311,7900.0,7900.0,0.0
Luminor Due Pastello,USA,USA,https://www.panerai.com/us/en/collections/watch-collection/luminor-due/pam01309-luminor-due-pastello.html,Luminor Due,PAM01309,7900.0,7900.0,0.0
Luminor Due Pastello,USA,USA,https://www.panerai.com/us/en/collections/watch-collection/luminor-due/pam01319-luminor-due-pastello.html,Luminor Due,PAM01319,7900.0,7900.0,0.0
Luminor Due Luna,USA,USA,https://www.panerai.com/us/en/collections/watch-collection/luminor-due/pam01557-luminor-due-luna.html,Luminor Due,PAM01557,9600.0,9600.0,0.0
Luminor Due Luna,USA,USA,https://www.panerai.com/us/en/collections/watch-collection/luminor-due/pam01179-luminor-due-luna.html,Luminor Due,PAM01179,9600.0,9600.0,0.0
Luminor Due Luna,USA,USA,https://www.panerai.com/us/en/collections/watch-collection/luminor-due/pam01301-luminor-due-luna.html,Luminor Due,PAM01301,10400.0,10400.0,0.0
Luminor Due Luna Rossa,USA,USA,https://www.panerai.com/us/en/collections/watch-collection/luminor-due/pam01381-luminor-due-luna-rossa.html,Luminor Due,PAM01381,7800.0,7800.0,0.0
Luminor Due,USA,USA,https://www.panerai.com/us/en/collections/watch-collection/luminor-due/pam01388-luminor-due.html,Luminor Due,PAM01388,7300.0,7300.0,0.0
Luminor Due,USA,USA,https://www.panerai.com/us/en/collections/watch-collection/luminor-due/pam01250-luminor-due.html,Luminor Due,PAM01250,7300.0,7300.0,0.0
Luminor Due Prada Re-Nylon,USA,USA,https://www.panerai.com/us/en/collections/watch-collection/luminor-due/pam01428-luminor-due-prada-re-nylon.html,Luminor Due,PAM01428,7300.0,7300.0,0.0
Luminor Due Prada Re-Nylon,USA,USA,https://www.panerai.com/us/en/collections/watch-collection/luminor-due/pam01429-luminor-due-prada-re-nylon.html,Luminor Due,PAM01429,7300.0,7300.0,0.0
Luminor Due,USA,USA,https://www.panerai.com/us/en/collections/watch-collection/luminor-due/pam01424-luminor-due.html,Luminor Due,PAM01424,7300.0,7300.0,0.0
Luminor Due,USA,USA,https://www.panerai.com/us/en/collections/watch-collection/luminor-due/pam01124-luminor-due.html,Luminor Due,PAM01124,8100.0,8100.0,0.0
Luminor Due,USA,USA,https://www.panerai.com/us/en/collections/watch-collection/luminor-due/pam01387-luminor-due.html,Luminor Due,PAM01387,8300.0,8300.0,0.0
Luminor Due,USA,USA,https://www.panerai.com/us/en/collections/watch-collection/luminor-due/pam01539-luminor-due.html,Luminor Due,PAM01539,8300.0,8300.0,0.0
Luminor Due Goldtech™ Madreperla,USA,USA,https://www.panerai.com/us/en/collections/watch-collection/luminor-due/pam01280-luminor-due-goldtech-madreperla.html,Luminor Due,PAM01280,18600.0,18600.0,0.0
Luminor Due TuttoOro,USA,USA,https://www.panerai.com/us/en/collections/watch-collection/luminor-due/pam01326-luminor-due-tuttooro.html,Luminor Due,PAM01326,37200.0,37200.0,0.0
Luminor Due TuttoOro,USA,USA,https://www.panerai.com/us/en/collections/watch-collection/luminor-due/pam01182-luminor-due-tuttooro.html,Luminor Due,PAM01182,37200.0,37200.0,0.0
Luminor Due Luna Goldtech™ Madreperla ,USA,USA,https://www.panerai.com/us/en/collections/watch-collection/luminor-due/pam01181-luminor-due-luna-goldtech-madreperla.html,Luminor Due,PAM01181,21500.0,21500.0,0.0
Luminor Due Luna TuttoOro,USA,USA,https://www.panerai.com/us/en/collections/watch-collection/luminor-due/pam01504-luminor-due-luna-tuttooro.html,Luminor Due,PAM01504,40200.0,40200.0,0.0
Luminor Due Yellow Gold,USA,USA,https://www.panerai.com/us/en/collections/watch-collection/luminor-due/pam01423-luminor-due-yellow-gold.html,Luminor Due,PAM01423,21500.0,21500.0,0.0
Luminor Due Goldtech™,USA,USA,https://www.panerai.com/us/en/collections/watch-collection/luminor-due/pam01336-luminor-due-goldtech.html,Luminor Due,PAM01336,21500.0,21500.0,0.0
Luminor Due Platinumtech™,USA,USA,https://www.panerai.com/us/en/collections/watch-collection/luminor-due/pam01329-luminor-due-platinumtech.html,Luminor Due,PAM01329,39200.0,39200.0,0.0
Luminor Due TuttoOro,USA,USA,https://www.panerai.com/us/en/collections/watch-collection/luminor-due/pam01494-luminor-due-tuttooro.html,Luminor Due,PAM01494,41200.0,41200.0,0.0
Luminor Due TuttoOro,USA,USA,https://www.panerai.com/us/en/collections/watch-collection/luminor-due/pam01442-luminor-due-tuttooro.html,Luminor Due,PAM01442,41200.0,41200.0,0.0
Radiomir Quaranta,France,USA,https://www.panerai.com/fr/fr/collections/watch-collection/radiomir/pam01570-radiomir-quaranta.html,Radiomir,PAM01570,6356.81,6000.0,356.8100000000004
Radiomir Quaranta,France,USA,https://www.panerai.com/fr/fr/collections/watch-collection/radiomir/pam01571-radiomir-quaranta.html,Radiomir,PAM01571,6356.81,6000.0,356.8100000000004
Radiomir Quaranta,France,USA,https://www.panerai.com/fr/fr/collections/watch-collection/radiomir/pam01572-radiomir-quaranta.html,Radiomir,PAM01572,6356.81,6000.0,356.8100000000004
Radiomir Quaranta,France,USA,https://www.panerai.com/fr/fr/collections/watch-collection/radiomir/pam01573-radiomir-quaranta.html,Radiomir,PAM01573,6356.81,6000.0,356.8100000000004
Radiomir Officine,France,USA,https://www.panerai.com/fr/fr/collections/watch-collection/radiomir/pam01385-radiomir-officine.html,Radiomir,PAM01385,5731.55,5400.0,331.5500000000002
Radiomir Officine,France,USA,https://www.panerai.com/fr/fr/collections/watch-collection/radiomir/pam01384-radiomir-officine.html,Radiomir,PAM01384,5731.55,5400.0,331.5500000000002
Radiomir Officine,France,USA,https://www.panerai.com/fr/fr/collections/watch-collection/radiomir/pam01383-radiomir-officine.html,Radiomir,PAM01383,5210.5,4900.0,310.5
Radiomir Officine,France,USA,https://www.panerai.com/fr/fr/collections/watch-collection/radiomir/pam01382-radiomir-officine.html,Radiomir,PAM01382,5210.5,4900.0,310.5
Radiomir Tre Giorni,France,USA,https://www.panerai.com/fr/fr/collections/watch-collection/radiomir/pam01334-radiomir-tre-giorni.html,Radiomir,PAM01334,7503.12,7100.0,403.1199999999999
Radiomir Tre Giorni,France,USA,https://www.panerai.com/fr/fr/collections/watch-collection/radiomir/pam01335-radiomir-tre-giorni.html,Radiomir,PAM01335,7503.12,7100.0,403.1199999999999
Radiomir Tre Giorni,France,USA,https://www.panerai.com/fr/fr/collections/watch-collection/radiomir/pam01350-radiomir-tre-giorni.html,Radiomir,PAM01350,7503.12,7100.0,403.1199999999999
Radiomir Otto Giorni,France,USA,https://www.panerai.com/fr/fr/collections/watch-collection/radiomir/pam01347-radiomir-otto-giorni.html,Radiomir,PAM01347,10316.79,9700.0,616.7900000000009
Radiomir Otto Giorni,France,USA,https://www.panerai.com/fr/fr/collections/watch-collection/radiomir/pam01348-radiomir-otto-giorni.html,Radiomir,PAM01348,10316.79,9700.0,616.7900000000009
Radiomir California,France,USA,https://www.panerai.com/fr/fr/collections/watch-collection/radiomir/pam01349-radiomir-california.html,Radiomir,PAM01349,13026.25,12300.0,726.25
Radiomir 8 Giorni Eilean,France,USA,https://www.panerai.com/fr/fr/collections/watch-collection/radiomir/pam01643-radiomir-8-giorni-eilean.html,Radiomir,PAM01643,51062.9,42300.0,8762.900000000001
Radiomir Tourbillon GMT Bronzo,France,USA,https://www.panerai.com/fr/fr/collections/watch-collection/radiomir/pam01284-radiomir-tourbillon-gmt-bronzo.html,Radiomir,PAM01284,177157.0,146700.0,30457.0
Radiomir Bronzo,France,USA,https://www.panerai.com/fr/fr/collections/watch-collection/radiomir/pam00760-radiomir-bronzo.html,Radiomir,PAM00760,19799.9,18600.0,1199.9000000000015
Radiomir Quaranta Goldtech™,France,USA,https://www.panerai.com/fr/fr/collections/watch-collection/radiomir/pam01026-radiomir-quaranta-goldtech.html,Radiomir,PAM01026,19278.85,18200.0,1078.8499999999985
Radiomir Quaranta en or jaune,France,USA,https://www.panerai.com/fr/fr/collections/watch-collection/radiomir/pam01437-radiomir-quaranta-yellow-gold.html,Radiomir,PAM01437,19278.85,18200.0,1078.8499999999985
Radiomir Annual Calendar Goldtech™,France,USA,https://www.panerai.com/fr/fr/collections/watch-collection/radiomir/pam01363-radiomir-annual-calendar-goldtech.html,Radiomir,PAM01363,41684.0,34500.0,7184.0
Radiomir Annual Calendar Platinumtech™,France,USA,https://www.panerai.com/fr/fr/collections/watch-collection/radiomir/pam01364-radiomir-annual-calendar-platinumtech.html,Radiomir,PAM01364,61483.9,50900.0,10583.900000000001
Radiomir Perpetual Calendar GMT Goldtech™,France,USA,https://www.panerai.com/fr/fr/collections/watch-collection/radiomir/pam01453-radiomir-perpetual-calendar-gmt-goldtech.html,Radiomir,PAM01453,52105.0,43200.0,8905.0
Luminor Base Logo,France,USA,https://www.panerai.com/fr/fr/collections/watch-collection/luminor/pam01623-luminor-base-logo.html,Luminor,PAM01623,5939.97,5600.0,339.97000000000025
Luminor Base Logo,France,USA,https://www.panerai.com/fr/fr/collections/watch-collection/luminor/pam01087-luminor-base-logo.html,Luminor,PAM01087,5939.97,5600.0,339.97000000000025
Luminor Base Logo,France,USA,https://www.panerai.com/fr/fr/collections/watch-collection/luminor/pam01086-luminor-base-logo.html,Luminor,PAM01086,5939.97,5600.0,339.97000000000025
Luminor Logo,France,USA,https://www.panerai.com/fr/fr/collections/watch-collection/luminor/pam01084-luminor-logo.html,Luminor,PAM01084,6461.02,6100.0,361.02000000000044
Luminor Logo ,France,USA,https://www.panerai.com/fr/fr/collections/watch-collection/luminor/pam01085-luminor-logo.html,Luminor,PAM01085,6461.02,6100.0,361.02000000000044
Luminor Logo,France,USA,https://www.panerai.com/fr/fr/collections/watch-collection/luminor/pam01624-luminor-logo.html,Luminor,PAM01624,6461.02,6100.0,361.02000000000044
Luminor Tre Giorni,France,USA,https://www.panerai.com/fr/fr/collections/watch-collection/luminor/pam01628-luminor-tre-giorni.html,Luminor,PAM01628,11150.47,10500.0,650.4699999999993
Luminor 8 Giorni,France,USA,https://www.panerai.com/fr/fr/collections/watch-collection/luminor/pam00914-luminor-8-giorni.html,Luminor,PAM00914,7503.12,7100.0,403.1199999999999
Luminor 8 Giorni,France,USA,https://www.panerai.com/fr/fr/collections/watch-collection/luminor/pam00915-luminor-8-giorni.html,Luminor,PAM00915,8024.17,7600.0,424.1700000000001
Luminor Destro Otto Giorni,France,USA,https://www.panerai.com/fr/fr/collections/watch-collection/luminor/pam01655-luminor-destro-otto-giorni.html,Luminor,PAM01655,8545.22,8100.0,445.21999999999935
Luminor Marina,France,USA,https://www.panerai.com/fr/fr/collections/watch-collection/luminor/pam00422-luminor-marina.html,Luminor,PAM00422,11984.15,11300.0,684.1499999999996
Luminor Quaranta,France,USA,https://www.panerai.com/fr/fr/collections/watch-collection/luminor/pam01371-luminor-quaranta.html,Luminor,PAM01371,8232.59,7800.0,432.59000000000015
Luminor Quaranta,France,USA,https://www.panerai.com/fr/fr/collections/watch-collection/luminor/pam01370-luminor-quaranta.html,Luminor,PAM01370,8232.59,7800.0,432.59000000000015
Luminor Quaranta,France,USA,https://www.panerai.com/fr/fr/collections/watch-collection/luminor/pam01372-luminor-quaranta.html,Luminor,PAM01372,8232.59,7800.0,432.59000000000015
Luminor Quaranta Steel DLC Luna Rossa,France,USA,https://www.panerai.com/fr/fr/collections/watch-collection/luminor/pam01408-luminor-quaranta-steel-dlc-luna-rossa.html,Luminor,PAM01408,9795.74,9300.0,495.7399999999998
Luminor Quaranta Carbotech™,France,USA,https://www.panerai.com/fr/fr/collections/watch-collection/luminor/pam01526-luminor-quaranta-carbotech.html,Luminor,PAM01526,14068.35,13300.0,768.3500000000004
Luminor Marina,France,USA,https://www.panerai.com/fr/fr/collections/watch-collection/luminor/pam01314-luminor-marina.html,Luminor,PAM01314,9274.69,8800.0,474.6900000000005
Luminor Marina,France,USA,https://www.panerai.com/fr/fr/collections/watch-collection/luminor/pam01313-luminor-marina.html,Luminor,PAM01313,9274.69,8800.0,474.6900000000005
Luminor Marina,France,USA,https://www.panerai.com/fr/fr/collections/watch-collection/luminor/pam01312-luminor-marina.html,Luminor,PAM01312,9274.69,8800.0,474.6900000000005
Luminor Marina  Blu Profondo,France,USA,https://www.panerai.com/fr/fr/collections/watch-collection/luminor/pam01157-luminor-marina-blu-profondo.html,Luminor,PAM01157,10004.16,9400.0,604.1599999999999
Luminor Marina Verde Smeraldo,France,USA,https://www.panerai.com/fr/fr/collections/watch-collection/luminor/pam01356-luminor-marina-verde-smeraldo.html,Luminor,PAM01356,10004.16,9400.0,604.1599999999999
Luminor Marina Grigio Roccia,France,USA,https://www.panerai.com/fr/fr/collections/watch-collection/luminor/pam01358-luminor-marina-grigio-roccia.html,Luminor,PAM01358,10004.16,9400.0,604.1599999999999
Luminor Marina,France,USA,https://www.panerai.com/fr/fr/collections/watch-collection/luminor/pam01564-luminor-marina.html,Luminor,PAM01564,10108.37,9500.0,608.3700000000008
Luminor Marina,France,USA,https://www.panerai.com/fr/fr/collections/watch-collection/luminor/pam01316-luminor-marina.html,Luminor,PAM01316,10108.37,9500.0,608.3700000000008
Luminor Marina,France,USA,https://www.panerai.com/fr/fr/collections/watch-collection/luminor/pam01562-luminor-marina.html,Luminor,PAM01562,10108.37,9500.0,608.3700000000008
Luminor Marina Navy SEALs,France,USA,https://www.panerai.com/fr/fr/collections/watch-collection/luminor/pam01412-luminor-marina-navy-seals.html,Luminor,PAM01412,10421.0,9800.0,621.0
Luminor Marina Carbotech™,France,USA,https://www.panerai.com/fr/fr/collections/watch-collection/luminor/pam02661-luminor-marina-carbotech.html,Luminor,PAM02661,15735.71,14800.0,935.7099999999991
Luminor Marina TuttoGrigio,France,USA,https://www.panerai.com/fr/fr/collections/watch-collection/luminor/pam02662-luminor-marina-tuttogrigio.html,Luminor,PAM02662,17298.86,16300.0,998.8600000000006
Luminor Marina Goldtech™ ,France,USA,https://www.panerai.com/fr/fr/collections/watch-collection/luminor/pam01112-luminor-marina-goldtech.html,Luminor,PAM01112,28449.33,26800.0,1649.3300000000017
Luminor Quaranta BiTempo,France,USA,https://www.panerai.com/fr/fr/collections/watch-collection/luminor/pam01365-luminor-quaranta-bitempo.html,Luminor,PAM01365,9691.53,9200.0,491.53000000000065
Luminor Quaranta BiTempo,France,USA,https://www.panerai.com/fr/fr/collections/watch-collection/luminor/pam01367-luminor-quaranta-bitempo.html,Luminor,PAM01367,9691.53,9200.0,491.53000000000065
Luminor Quaranta BiTempo Luna Rossa,France,USA,https://www.panerai.com/fr/fr/collections/watch-collection/luminor/pam01404-luminor-quaranta-bitempo-luna-rossa.html,Luminor,PAM01404,10212.58,9600.0,612.5799999999999
Luminor Quaranta BiTempo,France,USA,https://www.panerai.com/fr/fr/collections/watch-collection/luminor/pam01640-luminor-quaranta-bitempo.html,Luminor,PAM01640,10421.0,9800.0,621.0
Luminor Quaranta BiTempo Goldtech™,France,USA,https://www.panerai.com/fr/fr/collections/watch-collection/luminor/pam01641-luminor-quaranta-bitempo-goldtech.html,Luminor,PAM01641,26990.39,25400.0,1590.3899999999994
Luminor BiTempo Power Reserve,France,USA,https://www.panerai.com/fr/fr/collections/watch-collection/luminor/pam01360-luminor-bitempo-power-reserve.html,Luminor,PAM01360,11254.68,10600.0,654.6800000000003
Luminor BiTempo Power Reserve,France,USA,https://www.panerai.com/fr/fr/collections/watch-collection/luminor/pam01361-luminor-bitempo-power-reserve.html,Luminor,PAM01361,11254.68,10600.0,654.6800000000003
Luminor GMT,France,USA,https://www.panerai.com/fr/fr/collections/watch-collection/luminor/pam01441-luminor-gmt.html,Luminor,PAM01441,15839.92,14900.0,939.9200000000001
Luminor GMT Power Reserve Ceramica,France,USA,https://www.panerai.com/fr/fr/collections/watch-collection/luminor/pam01674-luminor-gmt-power-reserve-ceramica.html,Luminor,PAM01674,20320.95,19100.0,1220.9500000000007
Luminor Chrono,France,USA,https://www.panerai.com/fr/fr/collections/watch-collection/luminor/pam01218-luminor-chrono.html,Luminor,PAM01218,10629.42,10000.0,629.4200000000001
Luminor Chrono,France,USA,https://www.panerai.com/fr/fr/collections/watch-collection/luminor/pam01109-luminor-chrono.html,Luminor,PAM01109,10629.42,10000.0,629.4200000000001
Luminor Chrono,France,USA,https://www.panerai.com/fr/fr/collections/watch-collection/luminor/pam01110-luminor-chrono.html,Luminor,PAM01110,11463.1,10800.0,663.1000000000004
Luminor Chrono,France,USA,https://www.panerai.com/fr/fr/collections/watch-collection/luminor/pam01548-luminor-chrono.html,Luminor,PAM01548,11463.1,10800.0,663.1000000000004
Luminor Chrono Carbotech™,France,USA,https://www.panerai.com/fr/fr/collections/watch-collection/luminor/pam01219-luminor-chrono-carbotech.html,Luminor,PAM01219,17611.49,16600.0,1011.4900000000016
Luminor Chrono Goldtech™,France,USA,https://www.panerai.com/fr/fr/collections/watch-collection/luminor/pam01111-luminor-chrono-goldtech.html,Luminor,PAM01111,31263.0,29400.0,1863.0
Luminor Chrono Navy SEALs,France,USA,https://www.panerai.com/fr/fr/collections/watch-collection/luminor/pam01409-luminor-chrono-navy-seals.html,Luminor,PAM01409,11671.52,11000.0,671.5200000000004
Luminor Chrono Carbotech™ Navy SEALs,France,USA,https://www.panerai.com/fr/fr/collections/watch-collection/luminor/pam01419-luminor-chrono-carbotech-navy-seals.html,Luminor,PAM01419,18966.22,17900.0,1066.2200000000012
Luminor Dieci Giorni GMT,France,USA,https://www.panerai.com/fr/fr/collections/watch-collection/luminor/pam01482-luminor-dieci-giorni-gmt.html,Luminor,PAM01482,16152.55,15200.0,952.5499999999993
Luminor Dieci Giorni GMT Ceramica,France,USA,https://www.panerai.com/fr/fr/collections/watch-collection/luminor/pam01483-luminor-dieci-giorni-gmt-ceramica.html,Luminor,PAM01483,20737.79,19500.0,1237.7900000000009
Luminor Perpetual Calendar GMT Goldtech™ ,France,USA,https://www.panerai.com/fr/fr/collections/watch-collection/luminor/pam00742-luminor-perpetual-calendar-gmt-goldtech.html,Luminor,PAM00742,54189.2,44900.0,9289.199999999997
Luminor Perpetual Calendar GMT Platinumtech™,France,USA,https://www.panerai.com/fr/fr/collections/watch-collection/luminor/pam00715-luminor-perpetual-calendar-gmt-platinumtech.html,Luminor,PAM00715,75031.2,62100.0,12931.199999999997
Luminor Perpetual Calendar Goldtech™,France,USA,https://www.panerai.com/fr/fr/collections/watch-collection/luminor/pam01688-luminor-perpetual-calendar-goldtech.html,Luminor,PAM01688,55231.3,45800.0,9431.300000000003
Luminor Equation of Time GMT Titanio,France,USA,https://www.panerai.com/fr/fr/collections/watch-collection/luminor/pam00670-luminor-equation-of-time-gmt-titanio.html,Luminor,PAM00670,25531.45,24000.0,1531.4500000000007
Luminor Tourbillon GMT,France,USA,https://www.panerai.com/fr/fr/collections/watch-collection/luminor/pam01060-luminor-tourbillon-gmt.html,Luminor,PAM01060,196956.9,163100.0,33856.899999999994
Submersible Luna Rossa,France,USA,https://www.panerai.com/fr/fr/collections/watch-collection/submersible/pam01565-submersible-luna-rossa.html,Submersible,PAM01565,11984.15,11300.0,684.1499999999996
Submersible Luna Rossa,France,USA,https://www.panerai.com/fr/fr/collections/watch-collection/submersible/pam01579-submersible-luna-rossa.html,Submersible,PAM01579,11671.52,11000.0,671.5200000000004
Submersible GMT Luna Rossa Titanio,France,USA,https://www.panerai.com/fr/fr/collections/watch-collection/submersible/pam01507-submersible-gmt-luna-rossa-titanio.html,Submersible,PAM01507,13026.25,12300.0,726.25
Submersible Luna Rossa Carbotech™,France,USA,https://www.panerai.com/fr/fr/collections/watch-collection/submersible/pam01563-submersible-luna-rossa-carbotech.html,Submersible,PAM01563,19174.64,18100.0,1074.6399999999994
Submersible QuarantaQuattro Luna Rossa Ti-Ceramitech™,France,USA,https://www.panerai.com/fr/fr/collections/watch-collection/submersible/pam01543-submersible-quarantaquattro-luna-rossa-ti-ceramitech.html,Submersible,PAM01543,17611.49,16600.0,1011.4900000000016
Submersible QuarantaQuattro Luna Rossa Ti-Ceramitech™,France,USA,https://www.panerai.com/fr/fr/collections/watch-collection/submersible/pam01466-submersible-quarantaquattro-luna-rossa-ti-ceramitech.html,Submersible,PAM01466,17611.49,16600.0,1011.4900000000016
Submersible Tourbillon GMT Luna Rossa Experience Edition,France,USA,https://www.panerai.com/fr/fr/collections/watch-collection/submersible/pam01405-submersible-tourbillon-gmt-luna-rossa-experience-editio.html,Submersible,PAM01405,203209.5,168200.0,35009.5
Submersible QuarantaQuattro GMT Navy SEALs Carbotech™,France,USA,https://www.panerai.com/fr/fr/collections/watch-collection/submersible/pam01513-submersible-quarantaquattro-gmt-navy-seals-carbotech.html,Submersible,PAM01513,20946.21,19700.0,1246.2099999999991
Submersible,France,USA,https://www.panerai.com/fr/fr/collections/watch-collection/submersible/pam01590-submersible.html,Submersible,PAM01590,10108.37,9500.0,608.3700000000008
Submersible,France,USA,https://www.panerai.com/fr/fr/collections/watch-collection/submersible/pam02973-submersible.html,Submersible,PAM02973,10108.37,9500.0,608.3700000000008
Submersible,France,USA,https://www.panerai.com/fr/fr/collections/watch-collection/submersible/pam02683-submersible.html,Submersible,PAM02683,11150.47,10500.0,650.4699999999993
Submersible,France,USA,https://www.panerai.com/fr/fr/collections/watch-collection/submersible/pam02068-submersible.html,Submersible,PAM02068,12400.99,11700.0,700.9899999999998
Submersible QuarantaQuattro,France,USA,https://www.panerai.com/fr/fr/collections/watch-collection/submersible/pam01595-submersible-quarantaquattro.html,Submersible,PAM01595,10525.21,9900.0,625.2099999999991
Submersible QuarantaQuattro,France,USA,https://www.panerai.com/fr/fr/collections/watch-collection/submersible/pam01596-submersible-quarantaquattro.html,Submersible,PAM01596,10525.21,9900.0,625.2099999999991
Submersible QuarantaQuattro Navy SEALs,France,USA,https://www.panerai.com/fr/fr/collections/watch-collection/submersible/pam01518-submersible-quarantaquattro-navy-seals.html,Submersible,PAM01518,10837.84,10200.0,637.8400000000001
Submersible GMT Navy SEALs,France,USA,https://www.panerai.com/fr/fr/collections/watch-collection/submersible/pam01323-submersible-gmt-navy-seals.html,Submersible,PAM01323,11775.73,11100.0,675.7299999999996
Submersible QuarantaQuattro Mike Horn   ,France,USA,https://www.panerai.com/fr/fr/collections/watch-collection/submersible/pam01676-submersible-quarantaquattro-mike-horn.html,Submersible,PAM01676,12609.41,11900.0,709.4099999999999
Submersible QuarantaQuattro Luna Rossa,France,USA,https://www.panerai.com/fr/fr/collections/watch-collection/submersible/pam01681-submersible-quarantaquattro-luna-rossa.html,Submersible,PAM01681,12817.83,12100.0,717.8299999999999
Submersible QuarantaQuattro Grigio Roccia,France,USA,https://www.panerai.com/fr/fr/collections/watch-collection/submersible/pam01288-submersible-quarantaquattro-grigio-roccia.html,Submersible,PAM01288,12296.78,11600.0,696.7800000000007
Submersible QuarantaQuattro Blu Profondo,France,USA,https://www.panerai.com/fr/fr/collections/watch-collection/submersible/pam01289-submersible-quarantaquattro-blu-profondo.html,Submersible,PAM01289,12296.78,11600.0,696.7800000000007
Submersible QuarantaQuattro Verde Smeraldo,France,USA,https://www.panerai.com/fr/fr/collections/watch-collection/submersible/pam01287-submersible-quarantaquattro-verde-smeraldo.html,Submersible,PAM01287,12296.78,11600.0,696.7800000000007
Submersible Carbotech™,France,USA,https://www.panerai.com/fr/fr/collections/watch-collection/submersible/pam02231-submersible-carbotech.html,Submersible,PAM02231,18653.59,17600.0,1053.5900000000001
Submersible Bronzo ,France,USA,https://www.panerai.com/fr/fr/collections/watch-collection/submersible/pam01074-submersible-bronzo.html,Submersible,PAM01074,18757.8,17700.0,1057.7999999999993
Submersible QuarantaQuattro Carbotech™,France,USA,https://www.panerai.com/fr/fr/collections/watch-collection/submersible/pam01232-submersible-quarantaquattro-carbotech.html,Submersible,PAM01232,19695.69,18600.0,1095.6899999999987
Submersible S Brabus Blue Shadow Edition,France,USA,https://www.panerai.com/fr/fr/collections/watch-collection/submersible/pam01241-submersible-s-brabus-blue-shadow-edition.html,Submersible,PAM01241,54189.2,44900.0,9289.199999999997
Submersible S Brabus,France,USA,https://www.panerai.com/fr/fr/collections/watch-collection/submersible/pam01403-submersible-s-brabus.html,Submersible,PAM01403,54189.2,44900.0,9289.199999999997
Submersible S Brabus Carbotech™,France,USA,https://www.panerai.com/fr/fr/collections/watch-collection/submersible/pam01283-submersible-s-brabus-carbotech.html,Submersible,PAM01283,54189.2,44900.0,9289.199999999997
Submersible Titanio,France,USA,https://www.panerai.com/fr/fr/collections/watch-collection/submersible/pam02305-submersible-titanio.html,Submersible,PAM02305,11358.89,10700.0,658.8899999999994
Submersible BMG-TECH™,France,USA,https://www.panerai.com/fr/fr/collections/watch-collection/submersible/pam02692-submersible-bmg-tech.html,Submersible,PAM02692,15735.71,14800.0,935.7099999999991
Submersible Navy SEALs Titanio,France,USA,https://www.panerai.com/fr/fr/collections/watch-collection/submersible/pam01669-submersible-navy-seals-titanio.html,Submersible,PAM01669,14485.19,13700.0,785.1900000000005
Submersible Carbotech™,France,USA,https://www.panerai.com/fr/fr/collections/watch-collection/submersible/pam02616-submersible-carbotech.html,Submersible,PAM02616,20112.53,18900.0,1212.5299999999988
Submersible Marina Militare Carbotech™,France,USA,https://www.panerai.com/fr/fr/collections/watch-collection/submersible/pam02979-submersible-marina-militare-carbotech.html,Submersible,PAM02979,21467.26,20200.0,1267.2599999999984
Submersible Bronzo,France,USA,https://www.panerai.com/fr/fr/collections/watch-collection/submersible/pam00968-submersible-bronzo.html,Submersible,PAM00968,19799.9,18600.0,1199.9000000000015
Submersible GMT Titanio Mike Horn Experience Edition,France,USA,https://www.panerai.com/fr/fr/collections/watch-collection/submersible/pam01670-submersible-gmt-titanio-mike-horn-experience-edition.html,Submersible,PAM01670,98999.5,82000.0,16999.5
Submersible Elux LAB-ID,France,USA,https://www.panerai.com/fr/fr/collections/watch-collection/submersible/pam01800-submersible-elux-lab-id.html,Submersible,PAM01800,112546.8,93200.0,19346.800000000003
Submersible Forze Speciali,France,USA,https://www.panerai.com/fr/fr/collections/watch-collection/submersible/pam02239-submersible-forze-speciali.html,Submersible,PAM02239,32305.1,30400.0,1905.0999999999985
Submersible Chrono Navy SEALs,France,USA,https://www.panerai.com/fr/fr/collections/watch-collection/submersible/pam01521-submersible-chrono-navy-seals-titanio.html,Submersible,PAM01521,36473.5,34200.0,2273.5
Submersible Goldtech™,France,USA,https://www.panerai.com/fr/fr/collections/watch-collection/submersible/pam02164-submersible-goldtech.html,Submersible,PAM02164,31784.05,29900.0,1884.0499999999993
Luminor Due Luna Rossa,France,USA,https://www.panerai.com/fr/fr/collections/watch-collection/luminor-due/pam01378-luminor-due-luna-rossa.html,Luminor Due,PAM01378,7815.75,7400.0,415.75
Luminor Due,France,USA,https://www.panerai.com/fr/fr/collections/watch-collection/luminor-due/pam01248-luminor-due.html,Luminor Due,PAM01248,7294.7,6900.0,394.6999999999998
Luminor Due,France,USA,https://www.panerai.com/fr/fr/collections/watch-collection/luminor-due/pam01273-luminor-due.html,Luminor Due,PAM01273,7294.7,6900.0,394.6999999999998
Luminor Due,France,USA,https://www.panerai.com/fr/fr/collections/watch-collection/luminor-due/pam01552-luminor-due.html,Luminor Due,PAM01552,7294.7,6900.0,394.6999999999998
Luminor Due,France,USA,https://www.panerai.com/fr/fr/collections/watch-collection/luminor-due/pam01425-luminor-due-prada-re-nylon.html,Luminor Due,PAM01425,7294.7,6900.0,394.6999999999998
Luminor Due,France,USA,https://www.panerai.com/fr/fr/collections/watch-collection/luminor-due/pam01426-luminor-due-prada-re-nylon.html,Luminor Due,PAM01426,7294.7,6900.0,394.6999999999998
Luminor Due,France,USA,https://www.panerai.com/fr/fr/collections/watch-collection/luminor-due/pam01123-luminor-due.html,Luminor Due,PAM01123,8128.38,7700.0,428.3800000000001
Luminor Due,France,USA,https://www.panerai.com/fr/fr/collections/watch-collection/luminor-due/pam01508-luminor-due.html,Luminor Due,PAM01508,8336.800000000001,7900.0,436.8000000000011
Luminor Due Pastello,France,USA,https://www.panerai.com/fr/fr/collections/watch-collection/luminor-due/pam01311-luminor-due-pastello.html,Luminor Due,PAM01311,8336.800000000001,7900.0,436.8000000000011
Luminor Due Pastello,France,USA,https://www.panerai.com/fr/fr/collections/watch-collection/luminor-due/pam01309-luminor-due-pastello.html,Luminor Due,PAM01309,8336.800000000001,7900.0,436.8000000000011
Luminor Due Pastello,France,USA,https://www.panerai.com/fr/fr/collections/watch-collection/luminor-due/pam01319-luminor-due-pastello.html,Luminor Due,PAM01319,8336.800000000001,7900.0,436.8000000000011
Luminor Due Luna,France,USA,https://www.panerai.com/fr/fr/collections/watch-collection/luminor-due/pam01557-luminor-due-luna.html,Luminor Due,PAM01557,10212.58,9600.0,612.5799999999999
Luminor Due Luna,France,USA,https://www.panerai.com/fr/fr/collections/watch-collection/luminor-due/pam01179-luminor-due-luna.html,Luminor Due,PAM01179,10212.58,9600.0,612.5799999999999
Luminor Due Luna,France,USA,https://www.panerai.com/fr/fr/collections/watch-collection/luminor-due/pam01301-luminor-due-luna.html,Luminor Due,PAM01301,11046.26,10400.0,646.2600000000002
Luminor Due Luna Rossa,France,USA,https://www.panerai.com/fr/fr/collections/watch-collection/luminor-due/pam01381-luminor-due-luna-rossa.html,Luminor Due,PAM01381,8232.59,7800.0,432.59000000000015
Luminor Due,France,USA,https://www.panerai.com/fr/fr/collections/watch-collection/luminor-due/pam01388-luminor-due.html,Luminor Due,PAM01388,7711.54,7300.0,411.53999999999996
Luminor Due,France,USA,https://www.panerai.com/fr/fr/collections/watch-collection/luminor-due/pam01250-luminor-due.html,Luminor Due,PAM01250,7711.54,7300.0,411.53999999999996
Luminor Due Prada Re-Nylon,France,USA,https://www.panerai.com/fr/fr/collections/watch-collection/luminor-due/pam01428-luminor-due-prada-re-nylon.html,Luminor Due,PAM01428,7711.54,7300.0,411.53999999999996
Luminor Due Prada Re-Nylon,France,USA,https://www.panerai.com/fr/fr/collections/watch-collection/luminor-due/pam01429-luminor-due-prada-re-nylon.html,Luminor Due,PAM01429,7711.54,7300.0,411.53999999999996
Luminor Due,France,USA,https://www.panerai.com/fr/fr/collections/watch-collection/luminor-due/pam01424-luminor-due.html,Luminor Due,PAM01424,7711.54,7300.0,411.53999999999996
Luminor Due,France,USA,https://www.panerai.com/fr/fr/collections/watch-collection/luminor-due/pam01124-luminor-due.html,Luminor Due,PAM01124,8545.22,8100.0,445.21999999999935
Luminor Due,France,USA,https://www.panerai.com/fr/fr/collections/watch-collection/luminor-due/pam01387-luminor-due.html,Luminor Due,PAM01387,8753.64,8300.0,453.6399999999994
Luminor Due,France,USA,https://www.panerai.com/fr/fr/collections/watch-collection/luminor-due/pam01539-luminor-due.html,Luminor Due,PAM01539,8753.64,8300.0,453.6399999999994
Luminor Due Goldtech™ Madreperla,France,USA,https://www.panerai.com/fr/fr/collections/watch-collection/luminor-due/pam01280-luminor-due-goldtech-madreperla.html,Luminor Due,PAM01280,19695.69,18600.0,1095.6899999999987
Luminor Due TuttoOro,France,USA,https://www.panerai.com/fr/fr/collections/watch-collection/luminor-due/pam01326-luminor-due-tuttooro.html,Luminor Due,PAM01326,39599.8,37200.0,2399.800000000003
Luminor Due TuttoOro,France,USA,https://www.panerai.com/fr/fr/collections/watch-collection/luminor-due/pam01182-luminor-due-tuttooro.html,Luminor Due,PAM01182,39599.8,37200.0,2399.800000000003
Luminor Due Luna Goldtech™ Madreperla ,France,USA,https://www.panerai.com/fr/fr/collections/watch-collection/luminor-due/pam01181-luminor-due-luna-goldtech-madreperla.html,Luminor Due,PAM01181,22821.99,21500.0,1321.9900000000016
Luminor Due Luna TuttoOro,France,USA,https://www.panerai.com/fr/fr/collections/watch-collection/luminor-due/pam01504-luminor-due-luna-tuttooro.html,Luminor Due,PAM01504,42726.1,40200.0,2526.0999999999985
Luminor Due en or jaune,France,USA,https://www.panerai.com/fr/fr/collections/watch-collection/luminor-due/pam01423-luminor-due-yellow-gold.html,Luminor Due,PAM01423,22821.99,21500.0,1321.9900000000016
Luminor Due Goldtech™,France,USA,https://www.panerai.com/fr/fr/collections/watch-collection/luminor-due/pam01336-luminor-due-goldtech.html,Luminor Due,PAM01336,22821.99,21500.0,1321.9900000000016
Luminor Due Platinumtech™,France,USA,https://www.panerai.com/fr/fr/collections/watch-collection/luminor-due/pam01329-luminor-due-platinumtech.html,Luminor Due,PAM01329,41684.0,39200.0,2484.0
Luminor Due TuttoOro,France,USA,https://www.panerai.com/fr/fr/collections/watch-collection/luminor-due/pam01494-luminor-due-tuttooro.html,Luminor Due,PAM01494,43768.2,41200.0,2568.199999999997
Luminor Due TuttoOro,France,USA,https://www.panerai.com/fr/fr/collections/watch-collection/luminor-due/pam01442-luminor-due-tuttooro.html,Luminor Due,PAM01442,43768.2,41200.0,2568.199999999997
Radiomir Quaranta,UK,USA,https://www.panerai.com/gb/en/collections/watch-collection/radiomir/pam01570-radiomir-quaranta.html,Radiomir,PAM01570,6567.08,6000.0,567.0799999999999
Radiomir Quaranta,UK,USA,https://www.panerai.com/gb/en/collections/watch-collection/radiomir/pam01571-radiomir-quaranta.html,Radiomir,PAM01571,6567.08,6000.0,567.0799999999999
Radiomir Quaranta,UK,USA,https://www.panerai.com/gb/en/collections/watch-collection/radiomir/pam01572-radiomir-quaranta.html,Radiomir,PAM01572,6567.08,6000.0,567.0799999999999
Radiomir Quaranta,UK,USA,https://www.panerai.com/gb/en/collections/watch-collection/radiomir/pam01573-radiomir-quaranta.html,Radiomir,PAM01573,6567.08,6000.0,567.0799999999999
Radiomir Officine,UK,USA,https://www.panerai.com/gb/en/collections/watch-collection/radiomir/pam01385-radiomir-officine.html,Radiomir,PAM01385,5935.629999999999,5400.0,535.6299999999992
Radiomir Officine,UK,USA,https://www.panerai.com/gb/en/collections/watch-collection/radiomir/pam01384-radiomir-officine.html,Radiomir,PAM01384,5935.629999999999,5400.0,535.6299999999992
Radiomir Officine,UK,USA,https://www.panerai.com/gb/en/collections/watch-collection/radiomir/pam01383-radiomir-officine.html,Radiomir,PAM01383,5430.469999999999,4900.0,530.4699999999993
Radiomir Officine,UK,USA,https://www.panerai.com/gb/en/collections/watch-collection/radiomir/pam01382-radiomir-officine.html,Radiomir,PAM01382,5430.469999999999,4900.0,530.4699999999993
Radiomir Tre Giorni,UK,USA,https://www.panerai.com/gb/en/collections/watch-collection/radiomir/pam01334-radiomir-tre-giorni.html,Radiomir,PAM01334,7703.69,7100.0,603.6899999999996
Radiomir Tre Giorni,UK,USA,https://www.panerai.com/gb/en/collections/watch-collection/radiomir/pam01335-radiomir-tre-giorni.html,Radiomir,PAM01335,7703.69,7100.0,603.6899999999996
Radiomir Tre Giorni,UK,USA,https://www.panerai.com/gb/en/collections/watch-collection/radiomir/pam01350-radiomir-tre-giorni.html,Radiomir,PAM01350,7703.69,7100.0,603.6899999999996
Radiomir Otto Giorni,UK,USA,https://www.panerai.com/gb/en/collections/watch-collection/radiomir/pam01347-radiomir-otto-giorni.html,Radiomir,PAM01347,10608.36,9700.0,908.3600000000006
Radiomir Otto Giorni,UK,USA,https://www.panerai.com/gb/en/collections/watch-collection/radiomir/pam01348-radiomir-otto-giorni.html,Radiomir,PAM01348,10608.36,9700.0,908.3600000000006
Radiomir California,UK,USA,https://www.panerai.com/gb/en/collections/watch-collection/radiomir/pam01349-radiomir-california.html,Radiomir,PAM01349,13386.74,12300.0,1086.7399999999998
Radiomir 8 Giorni Eilean,UK,USA,https://www.panerai.com/gb/en/collections/watch-collection/radiomir/pam01643-radiomir-8-giorni-eilean.html,Radiomir,PAM01643,42686.02,42300.0,386.0199999999968
Radiomir Tourbillon GMT Bronzo,UK,USA,https://www.panerai.com/gb/en/collections/watch-collection/radiomir/pam01284-radiomir-tourbillon-gmt-bronzo.html,Radiomir,PAM01284,147885.59,146700.0,1185.5899999999965
Radiomir Bronzo,UK,USA,https://www.panerai.com/gb/en/collections/watch-collection/radiomir/pam00760-radiomir-bronzo.html,Radiomir,PAM00760,20332.69,18600.0,1732.6899999999987
Radiomir Quaranta Goldtech™,UK,USA,https://www.panerai.com/gb/en/collections/watch-collection/radiomir/pam01026-radiomir-quaranta-goldtech.html,Radiomir,PAM01026,19827.53,18200.0,1627.5299999999988
Radiomir Quaranta Yellow Gold,UK,USA,https://www.panerai.com/gb/en/collections/watch-collection/radiomir/pam01437-radiomir-quaranta-yellow-gold.html,Radiomir,PAM01437,19827.53,18200.0,1627.5299999999988
Radiomir Annual Calendar Goldtech™,UK,USA,https://www.panerai.com/gb/en/collections/watch-collection/radiomir/pam01363-radiomir-annual-calendar-goldtech.html,Radiomir,PAM01363,34856.04,34500.0,356.0400000000009
Radiomir Annual Calendar Platinumtech™,UK,USA,https://www.panerai.com/gb/en/collections/watch-collection/radiomir/pam01364-radiomir-annual-calendar-platinumtech.html,Radiomir,PAM01364,51400.03,50900.0,500.02999999999884
Radiomir Perpetual Calendar GMT Goldtech™,UK,USA,https://www.panerai.com/gb/en/collections/watch-collection/radiomir/pam01453-radiomir-perpetual-calendar-gmt-goldtech.html,Radiomir,PAM01453,43570.05,43200.0,370.0500000000029
Luminor Base Logo,UK,USA,https://www.panerai.com/gb/en/collections/watch-collection/luminor/pam01623-luminor-base-logo.html,Luminor,PAM01623,6188.209999999999,5600.0,588.2099999999991
Luminor Base Logo,UK,USA,https://www.panerai.com/gb/en/collections/watch-collection/luminor/pam01087-luminor-base-logo.html,Luminor,PAM01087,6188.209999999999,5600.0,588.2099999999991
Luminor Base Logo,UK,USA,https://www.panerai.com/gb/en/collections/watch-collection/luminor/pam01086-luminor-base-logo.html,Luminor,PAM01086,6188.209999999999,5600.0,588.2099999999991
Luminor Logo,UK,USA,https://www.panerai.com/gb/en/collections/watch-collection/luminor/pam01084-luminor-logo.html,Luminor,PAM01084,6693.37,6100.0,593.3699999999999
Luminor Logo ,UK,USA,https://www.panerai.com/gb/en/collections/watch-collection/luminor/pam01085-luminor-logo.html,Luminor,PAM01085,6693.37,6100.0,593.3699999999999
Luminor Logo,UK,USA,https://www.panerai.com/gb/en/collections/watch-collection/luminor/pam01624-luminor-logo.html,Luminor,PAM01624,6693.37,6100.0,593.3699999999999
Luminor Tre Giorni,UK,USA,https://www.panerai.com/gb/en/collections/watch-collection/luminor/pam01628-luminor-tre-giorni.html,Luminor,PAM01628,11492.39,10500.0,992.3899999999994
Luminor 8 Giorni,UK,USA,https://www.panerai.com/gb/en/collections/watch-collection/luminor/pam00914-luminor-8-giorni.html,Luminor,PAM00914,7703.69,7100.0,603.6899999999996
Luminor 8 Giorni,UK,USA,https://www.panerai.com/gb/en/collections/watch-collection/luminor/pam00915-luminor-8-giorni.html,Luminor,PAM00915,8208.849999999999,7600.0,608.8499999999985
Luminor Destro Otto Giorni,UK,USA,https://www.panerai.com/gb/en/collections/watch-collection/luminor/pam01655-luminor-destro-otto-giorni.html,Luminor,PAM01655,8840.3,8100.0,740.2999999999993
Luminor Marina,UK,USA,https://www.panerai.com/gb/en/collections/watch-collection/luminor/pam00422-luminor-marina.html,Luminor,PAM00422,12376.419999999998,11300.0,1076.4199999999983
Luminor Quaranta,UK,USA,https://www.panerai.com/gb/en/collections/watch-collection/luminor/pam01371-luminor-quaranta.html,Luminor,PAM01371,8461.43,7800.0,661.4300000000003
Luminor Quaranta,UK,USA,https://www.panerai.com/gb/en/collections/watch-collection/luminor/pam01370-luminor-quaranta.html,Luminor,PAM01370,8461.43,7800.0,661.4300000000003
Luminor Quaranta,UK,USA,https://www.panerai.com/gb/en/collections/watch-collection/luminor/pam01372-luminor-quaranta.html,Luminor,PAM01372,8461.43,7800.0,661.4300000000003
Luminor Quaranta Steel DLC Luna Rossa,UK,USA,https://www.panerai.com/gb/en/collections/watch-collection/luminor/pam01408-luminor-quaranta-steel-dlc-luna-rossa.html,Luminor,PAM01408,10103.2,9300.0,803.2000000000007
Luminor Quaranta Carbotech™,UK,USA,https://www.panerai.com/gb/en/collections/watch-collection/luminor/pam01526-luminor-quaranta-carbotech.html,Luminor,PAM01526,14397.06,13300.0,1097.0599999999995
Luminor Marina,UK,USA,https://www.panerai.com/gb/en/collections/watch-collection/luminor/pam01314-luminor-marina.html,Luminor,PAM01314,9598.04,8800.0,798.0400000000009
Luminor Marina,UK,USA,https://www.panerai.com/gb/en/collections/watch-collection/luminor/pam01313-luminor-marina.html,Luminor,PAM01313,9598.04,8800.0,798.0400000000009
Luminor Marina,UK,USA,https://www.panerai.com/gb/en/collections/watch-collection/luminor/pam01312-luminor-marina.html,Luminor,PAM01312,9598.04,8800.0,798.0400000000009
Luminor Marina Blu Profondo,UK,USA,https://www.panerai.com/gb/en/collections/watch-collection/luminor/pam01157-luminor-marina-blu-profondo.html,Luminor,PAM01157,10229.49,9400.0,829.4899999999998
Luminor Marina Verde Smeraldo,UK,USA,https://www.panerai.com/gb/en/collections/watch-collection/luminor/pam01356-luminor-marina-verde-smeraldo.html,Luminor,PAM01356,10229.49,9400.0,829.4899999999998
Luminor Marina Grigio Roccia,UK,USA,https://www.panerai.com/gb/en/collections/watch-collection/luminor/pam01358-luminor-marina-grigio-roccia.html,Luminor,PAM01358,10229.49,9400.0,829.4899999999998
Luminor Marina,UK,USA,https://www.panerai.com/gb/en/collections/watch-collection/luminor/pam01564-luminor-marina.html,Luminor,PAM01564,10355.78,9500.0,855.7800000000007
Luminor Marina,UK,USA,https://www.panerai.com/gb/en/collections/watch-collection/luminor/pam01316-luminor-marina.html,Luminor,PAM01316,10355.78,9500.0,855.7800000000007
Luminor Marina,UK,USA,https://www.panerai.com/gb/en/collections/watch-collection/luminor/pam01562-luminor-marina.html,Luminor,PAM01562,10355.78,9500.0,855.7800000000007
Luminor Marina Navy SEALs,UK,USA,https://www.panerai.com/gb/en/collections/watch-collection/luminor/pam01412-luminor-marina-navy-seals.html,Luminor,PAM01412,10734.65,9800.0,934.6499999999996
Luminor Marina Carbotech™,UK,USA,https://www.panerai.com/gb/en/collections/watch-collection/luminor/pam02661-luminor-marina-carbotech.html,Luminor,PAM02661,16165.12,14800.0,1365.1200000000008
Luminor Marina TuttoGrigio,UK,USA,https://www.panerai.com/gb/en/collections/watch-collection/luminor/pam02662-luminor-marina-tuttogrigio.html,Luminor,PAM02662,17806.89,16300.0,1506.8899999999994
Luminor Marina Goldtech™ ,UK,USA,https://www.panerai.com/gb/en/collections/watch-collection/luminor/pam01112-luminor-marina-goldtech.html,Luminor,PAM01112,29172.99,26800.0,2372.9900000000016
Luminor Quaranta BiTempo,UK,USA,https://www.panerai.com/gb/en/collections/watch-collection/luminor/pam01365-luminor-quaranta-bitempo.html,Luminor,PAM01365,9976.91,9200.0,776.9099999999999
Luminor Quaranta BiTempo,UK,USA,https://www.panerai.com/gb/en/collections/watch-collection/luminor/pam01367-luminor-quaranta-bitempo.html,Luminor,PAM01367,9976.91,9200.0,776.9099999999999
Luminor Quaranta BiTempo Luna Rossa,UK,USA,https://www.panerai.com/gb/en/collections/watch-collection/luminor/pam01404-luminor-quaranta-bitempo-luna-rossa.html,Luminor,PAM01404,10482.07,9600.0,882.0699999999997
Luminor Quaranta BiTempo,UK,USA,https://www.panerai.com/gb/en/collections/watch-collection/luminor/pam01640-luminor-quaranta-bitempo.html,Luminor,PAM01640,10734.65,9800.0,934.6499999999996
Luminor Quaranta BiTempo Goldtech™,UK,USA,https://www.panerai.com/gb/en/collections/watch-collection/luminor/pam01641-luminor-quaranta-bitempo-goldtech.html,Luminor,PAM01641,27657.51,25400.0,2257.5099999999984
Luminor BiTempo Power Reserve,UK,USA,https://www.panerai.com/gb/en/collections/watch-collection/luminor/pam01360-luminor-bitempo-power-reserve.html,Luminor,PAM01360,11618.679999999998,10600.0,1018.6799999999985
Luminor BiTempo Power Reserve,UK,USA,https://www.panerai.com/gb/en/collections/watch-collection/luminor/pam01361-luminor-bitempo-power-reserve.html,Luminor,PAM01361,11618.679999999998,10600.0,1018.6799999999985
Luminor GMT,UK,USA,https://www.panerai.com/gb/en/collections/watch-collection/luminor/pam01441-luminor-gmt.html,Luminor,PAM01441,16291.409999999998,14900.0,1391.409999999998
Luminor GMT Power Reserve Ceramica,UK,USA,https://www.panerai.com/gb/en/collections/watch-collection/luminor/pam01674-luminor-gmt-power-reserve-ceramica.html,Luminor,PAM01674,20837.85,19100.0,1737.8499999999985
Luminor Chrono,UK,USA,https://www.panerai.com/gb/en/collections/watch-collection/luminor/pam01218-luminor-chrono.html,Luminor,PAM01218,10987.23,10000.0,987.2299999999996
Luminor Chrono,UK,USA,https://www.panerai.com/gb/en/collections/watch-collection/luminor/pam01109-luminor-chrono.html,Luminor,PAM01109,10987.23,10000.0,987.2299999999996
Luminor Chrono,UK,USA,https://www.panerai.com/gb/en/collections/watch-collection/luminor/pam01110-luminor-chrono.html,Luminor,PAM01110,11744.97,10800.0,944.9699999999993
Luminor Chrono,UK,USA,https://www.panerai.com/gb/en/collections/watch-collection/luminor/pam01548-luminor-chrono.html,Luminor,PAM01548,11744.97,10800.0,944.9699999999993
Luminor Chrono Carbotech™,UK,USA,https://www.panerai.com/gb/en/collections/watch-collection/luminor/pam01219-luminor-chrono-carbotech.html,Luminor,PAM01219,18059.47,16600.0,1459.4700000000012
Luminor Chrono Goldtech™,UK,USA,https://www.panerai.com/gb/en/collections/watch-collection/luminor/pam01111-luminor-chrono-goldtech.html,Luminor,PAM01111,32077.66,29400.0,2677.66
Luminor Chrono Navy SEALs,UK,USA,https://www.panerai.com/gb/en/collections/watch-collection/luminor/pam01409-luminor-chrono-navy-seals.html,Luminor,PAM01409,11997.55,11000.0,997.5499999999993
Luminor Chrono Carbotech™ Navy SEALs,UK,USA,https://www.panerai.com/gb/en/collections/watch-collection/luminor/pam01419-luminor-chrono-carbotech-navy-seals.html,Luminor,PAM01419,19448.66,17900.0,1548.6599999999999
Luminor Dieci Giorni GMT,UK,USA,https://www.panerai.com/gb/en/collections/watch-collection/luminor/pam01482-luminor-dieci-giorni-gmt.html,Luminor,PAM01482,16543.989999999998,15200.0,1343.989999999998
Luminor Dieci Giorni GMT Ceramica,UK,USA,https://www.panerai.com/gb/en/collections/watch-collection/luminor/pam01483-luminor-dieci-giorni-gmt-ceramica.html,Luminor,PAM01483,21216.72,19500.0,1716.7200000000012
Luminor Perpetual Calendar GMT Goldtech™ ,UK,USA,https://www.panerai.com/gb/en/collections/watch-collection/luminor/pam00742-luminor-perpetual-calendar-gmt-goldtech.html,Luminor,PAM00742,45338.10999999999,44900.0,438.1099999999933
Luminor Perpetual Calendar GMT Platinumtech™,UK,USA,https://www.panerai.com/gb/en/collections/watch-collection/luminor/pam00715-luminor-perpetual-calendar-gmt-platinumtech.html,Luminor,PAM00715,62639.84,62100.0,539.8399999999965
Luminor Perpetual Calendar Goldtech™,UK,USA,https://www.panerai.com/gb/en/collections/watch-collection/luminor/pam01688-luminor-perpetual-calendar-goldtech.html,Luminor,PAM01688,46095.85,45800.0,295.84999999999854
Luminor Equation of Time GMT Titanio,UK,USA,https://www.panerai.com/gb/en/collections/watch-collection/luminor/pam00670-luminor-equation-of-time-gmt-titanio.html,Luminor,PAM00670,26142.03,24000.0,2142.029999999999
Luminor Tourbillon GMT,UK,USA,https://www.panerai.com/gb/en/collections/watch-collection/luminor/pam01060-luminor-tourbillon-gmt.html,Luminor,PAM01060,164429.58,163100.0,1329.5799999999872
Luminor Tourbillon Moon Phases Equation of Time GMT - L’Astronomo,UK,USA,https://www.panerai.com/gb/en/collections/watch-collection/luminor/pam00920-luminor-tourbillon-moon-phases-equation-of-time-gmt--la.html,Luminor,PAM00920,234773.11,232900.0,1873.109999999986
Submersible Luna Rossa,UK,USA,https://www.panerai.com/gb/en/collections/watch-collection/submersible/pam01565-submersible-luna-rossa.html,Submersible,PAM01565,12376.419999999998,11300.0,1076.4199999999983
Submersible Luna Rossa,UK,USA,https://www.panerai.com/gb/en/collections/watch-collection/submersible/pam01579-submersible-luna-rossa.html,Submersible,PAM01579,11997.55,11000.0,997.5499999999993
Submersible GMT Luna Rossa Titanio,UK,USA,https://www.panerai.com/gb/en/collections/watch-collection/submersible/pam01507-submersible-gmt-luna-rossa-titanio.html,Submersible,PAM01507,13386.74,12300.0,1086.7399999999998
Submersible Luna Rossa Carbotech™,UK,USA,https://www.panerai.com/gb/en/collections/watch-collection/submersible/pam01563-submersible-luna-rossa-carbotech.html,Submersible,PAM01563,19701.24,18100.0,1601.2400000000016
Submersible QuarantaQuattro Luna Rossa Ti-Ceramitech™,UK,USA,https://www.panerai.com/gb/en/collections/watch-collection/submersible/pam01543-submersible-quarantaquattro-luna-rossa-ti-ceramitech.html,Submersible,PAM01543,18059.47,16600.0,1459.4700000000012
Submersible QuarantaQuattro Luna Rossa Ti-Ceramitech™,UK,USA,https://www.panerai.com/gb/en/collections/watch-collection/submersible/pam01466-submersible-quarantaquattro-luna-rossa-ti-ceramitech.html,Submersible,PAM01466,18059.47,16600.0,1459.4700000000012
Submersible Tourbillon GMT Luna Rossa Experience Edition,UK,USA,https://www.panerai.com/gb/en/collections/watch-collection/submersible/pam01405-submersible-tourbillon-gmt-luna-rossa-experience-editio.html,Submersible,PAM01405,169607.47,168200.0,1407.4700000000012
Submersible QuarantaQuattro GMT Navy SEALs Carbotech™,UK,USA,https://www.panerai.com/gb/en/collections/watch-collection/submersible/pam01513-submersible-quarantaquattro-gmt-navy-seals-carbotech.html,Submersible,PAM01513,21469.3,19700.0,1769.2999999999993
Submersible,UK,USA,https://www.panerai.com/gb/en/collections/watch-collection/submersible/pam01590-submersible.html,Submersible,PAM01590,10355.78,9500.0,855.7800000000007
Submersible,UK,USA,https://www.panerai.com/gb/en/collections/watch-collection/submersible/pam02973-submersible.html,Submersible,PAM02973,10355.78,9500.0,855.7800000000007
Submersible,UK,USA,https://www.panerai.com/gb/en/collections/watch-collection/submersible/pam02683-submersible.html,Submersible,PAM02683,11492.39,10500.0,992.3899999999994
Submersible,UK,USA,https://www.panerai.com/gb/en/collections/watch-collection/submersible/pam02068-submersible.html,Submersible,PAM02068,12755.29,11700.0,1055.2900000000009
Submersible QuarantaQuattro,UK,USA,https://www.panerai.com/gb/en/collections/watch-collection/submersible/pam01595-submersible-quarantaquattro.html,Submersible,PAM01595,10860.94,9900.0,960.9400000000005
Submersible QuarantaQuattro,UK,USA,https://www.panerai.com/gb/en/collections/watch-collection/submersible/pam01596-submersible-quarantaquattro.html,Submersible,PAM01596,10860.94,9900.0,960.9400000000005
Submersible QuarantaQuattro Navy SEALs,UK,USA,https://www.panerai.com/gb/en/collections/watch-collection/submersible/pam01518-submersible-quarantaquattro-navy-seals.html,Submersible,PAM01518,11113.52,10200.0,913.5200000000004
Submersible GMT Navy SEALs,UK,USA,https://www.panerai.com/gb/en/collections/watch-collection/submersible/pam01323-submersible-gmt-navy-seals.html,Submersible,PAM01323,12123.839999999998,11100.0,1023.8399999999983
Submersible QuarantaQuattro Mike Horn   ,UK,USA,https://www.panerai.com/gb/en/collections/watch-collection/submersible/pam01676-submersible-quarantaquattro-mike-horn.html,Submersible,PAM01676,13007.87,11900.0,1107.8700000000008
Submersible QuarantaQuattro Luna Rossa,UK,USA,https://www.panerai.com/gb/en/collections/watch-collection/submersible/pam01681-submersible-quarantaquattro-luna-rossa.html,Submersible,PAM01681,13134.16,12100.0,1034.1599999999999
Submersible QuarantaQuattro Grigio Roccia,UK,USA,https://www.panerai.com/gb/en/collections/watch-collection/submersible/pam01288-submersible-quarantaquattro-grigio-roccia.html,Submersible,PAM01288,12629.0,11600.0,1029.0
Submersible QuarantaQuattro Blu Profondo,UK,USA,https://www.panerai.com/gb/en/collections/watch-collection/submersible/pam01289-submersible-quarantaquattro-blu-profondo.html,Submersible,PAM01289,12629.0,11600.0,1029.0
Submersible QuarantaQuattro Verde Smeraldo,UK,USA,https://www.panerai.com/gb/en/collections/watch-collection/submersible/pam01287-submersible-quarantaquattro-verde-smeraldo.html,Submersible,PAM01287,12629.0,11600.0,1029.0
Submersible Carbotech™,UK,USA,https://www.panerai.com/gb/en/collections/watch-collection/submersible/pam02231-submersible-carbotech.html,Submersible,PAM02231,19069.79,17600.0,1469.7900000000009
Submersible Bronzo ,UK,USA,https://www.panerai.com/gb/en/collections/watch-collection/submersible/pam01074-submersible-bronzo.html,Submersible,PAM01074,19196.08,17700.0,1496.0800000000017
Submersible QuarantaQuattro Carbotech™,UK,USA,https://www.panerai.com/gb/en/collections/watch-collection/submersible/pam01232-submersible-quarantaquattro-carbotech.html,Submersible,PAM01232,20206.4,18600.0,1606.4000000000015
Submersible S Brabus Blue Shadow Edition,UK,USA,https://www.panerai.com/gb/en/collections/watch-collection/submersible/pam01241-submersible-s-brabus-blue-shadow-edition.html,Submersible,PAM01241,45338.10999999999,44900.0,438.1099999999933
Submersible S Brabus,UK,USA,https://www.panerai.com/gb/en/collections/watch-collection/submersible/pam01403-submersible-s-brabus.html,Submersible,PAM01403,45338.10999999999,44900.0,438.1099999999933
Submersible S Brabus Carbotech™,UK,USA,https://www.panerai.com/gb/en/collections/watch-collection/submersible/pam01283-submersible-s-brabus-carbotech.html,Submersible,PAM01283,45338.10999999999,44900.0,438.1099999999933
Submersible Titanio,UK,USA,https://www.panerai.com/gb/en/collections/watch-collection/submersible/pam02305-submersible-titanio.html,Submersible,PAM02305,11618.679999999998,10700.0,918.6799999999985
Submersible BMG-TECH™,UK,USA,https://www.panerai.com/gb/en/collections/watch-collection/submersible/pam02692-submersible-bmg-tech.html,Submersible,PAM02692,16165.12,14800.0,1365.1200000000008
Submersible Navy SEALs Titanio,UK,USA,https://www.panerai.com/gb/en/collections/watch-collection/submersible/pam01669-submersible-navy-seals-titanio.html,Submersible,PAM01669,14902.22,13700.0,1202.2199999999993
Submersible Carbotech™,UK,USA,https://www.panerai.com/gb/en/collections/watch-collection/submersible/pam02616-submersible-carbotech.html,Submersible,PAM02616,20585.27,18900.0,1685.2700000000004
Submersible Marina Militare Carbotech™,UK,USA,https://www.panerai.com/gb/en/collections/watch-collection/submersible/pam02979-submersible-marina-militare-carbotech.html,Submersible,PAM02979,21974.46,20200.0,1774.4599999999991
Submersible Bronzo,UK,USA,https://www.panerai.com/gb/en/collections/watch-collection/submersible/pam00968-submersible-bronzo.html,Submersible,PAM00968,20332.69,18600.0,1732.6899999999987
Submersible GMT Titanio Mike Horn Experience Edition,UK,USA,https://www.panerai.com/gb/en/collections/watch-collection/submersible/pam01670-submersible-gmt-titanio-mike-horn-experience-edition.html,Submersible,PAM01670,82719.95,82000.0,719.9499999999971
Submersible Elux LAB-ID,UK,USA,https://www.panerai.com/gb/en/collections/watch-collection/submersible/pam01800-submersible-elux-lab-id.html,Submersible,PAM01800,93959.76,93200.0,759.7599999999948
Submersible Forze Speciali,UK,USA,https://www.panerai.com/gb/en/collections/watch-collection/submersible/pam02239-submersible-forze-speciali.html,Submersible,PAM02239,33087.98,30400.0,2687.980000000003
Submersible Chrono Navy SEALs Titanio,UK,USA,https://www.panerai.com/gb/en/collections/watch-collection/submersible/pam01521-submersible-chrono-navy-seals-titanio.html,Submersible,PAM01521,37508.13,34200.0,3308.1299999999974
Submersible Goldtech™,UK,USA,https://www.panerai.com/gb/en/collections/watch-collection/submersible/pam02164-submersible-goldtech.html,Submersible,PAM02164,32582.82,29900.0,2682.8199999999997
Submersible QuarantaQuattro Goldtech™ OroCarbo,UK,USA,https://www.panerai.com/gb/en/collections/watch-collection/submersible/pam02070-submersible-quarantaquattro-goldtech-orocarbo.html,Submersible,PAM02070,36245.23,33300.0,2945.230000000003
Luminor Due Luna Rossa,UK,USA,https://www.panerai.com/gb/en/collections/watch-collection/luminor-due/pam01378-luminor-due-luna-rossa.html,Luminor Due,PAM01378,8082.559999999999,7400.0,682.5599999999986
Luminor Due,UK,USA,https://www.panerai.com/gb/en/collections/watch-collection/luminor-due/pam01248-luminor-due.html,Luminor Due,PAM01248,7577.4,6900.0,677.3999999999996
Luminor Due,UK,USA,https://www.panerai.com/gb/en/collections/watch-collection/luminor-due/pam01273-luminor-due.html,Luminor Due,PAM01273,7577.4,6900.0,677.3999999999996
Luminor Due,UK,USA,https://www.panerai.com/gb/en/collections/watch-collection/luminor-due/pam01552-luminor-due.html,Luminor Due,PAM01552,7577.4,6900.0,677.3999999999996
Luminor Due,UK,USA,https://www.panerai.com/gb/en/collections/watch-collection/luminor-due/pam01425-luminor-due-prada-re-nylon.html,Luminor Due,PAM01425,7577.4,6900.0,677.3999999999996
Luminor Due,UK,USA,https://www.panerai.com/gb/en/collections/watch-collection/luminor-due/pam01426-luminor-due-prada-re-nylon.html,Luminor Due,PAM01426,7577.4,6900.0,677.3999999999996
Luminor Due,UK,USA,https://www.panerai.com/gb/en/collections/watch-collection/luminor-due/pam01123-luminor-due.html,Luminor Due,PAM01123,8335.14,7700.0,635.1399999999994
Luminor Due,UK,USA,https://www.panerai.com/gb/en/collections/watch-collection/luminor-due/pam01508-luminor-due.html,Luminor Due,PAM01508,8587.72,7900.0,687.7199999999993
Luminor Due Pastello,UK,USA,https://www.panerai.com/gb/en/collections/watch-collection/luminor-due/pam01311-luminor-due-pastello.html,Luminor Due,PAM01311,8587.72,7900.0,687.7199999999993
Luminor Due Pastello,UK,USA,https://www.panerai.com/gb/en/collections/watch-collection/luminor-due/pam01309-luminor-due-pastello.html,Luminor Due,PAM01309,8587.72,7900.0,687.7199999999993
Luminor Due Pastello,UK,USA,https://www.panerai.com/gb/en/collections/watch-collection/luminor-due/pam01319-luminor-due-pastello.html,Luminor Due,PAM01319,8587.72,7900.0,687.7199999999993
Luminor Due Luna,UK,USA,https://www.panerai.com/gb/en/collections/watch-collection/luminor-due/pam01557-luminor-due-luna.html,Luminor Due,PAM01557,10482.07,9600.0,882.0699999999997
Luminor Due Luna,UK,USA,https://www.panerai.com/gb/en/collections/watch-collection/luminor-due/pam01179-luminor-due-luna.html,Luminor Due,PAM01179,10482.07,9600.0,882.0699999999997
Luminor Due Luna,UK,USA,https://www.panerai.com/gb/en/collections/watch-collection/luminor-due/pam01301-luminor-due-luna.html,Luminor Due,PAM01301,11366.1,10400.0,966.1000000000004
Luminor Due Luna Rossa,UK,USA,https://www.panerai.com/gb/en/collections/watch-collection/luminor-due/pam01381-luminor-due-luna-rossa.html,Luminor Due,PAM01381,8461.43,7800.0,661.4300000000003
Luminor Due,UK,USA,https://www.panerai.com/gb/en/collections/watch-collection/luminor-due/pam01388-luminor-due.html,Luminor Due,PAM01388,7956.269999999999,7300.0,656.2699999999986
Luminor Due,UK,USA,https://www.panerai.com/gb/en/collections/watch-collection/luminor-due/pam01250-luminor-due.html,Luminor Due,PAM01250,7956.269999999999,7300.0,656.2699999999986
Luminor Due Prada Re-Nylon,UK,USA,https://www.panerai.com/gb/en/collections/watch-collection/luminor-due/pam01428-luminor-due-prada-re-nylon.html,Luminor Due,PAM01428,7956.269999999999,7300.0,656.2699999999986
Luminor Due Prada Re-Nylon,UK,USA,https://www.panerai.com/gb/en/collections/watch-collection/luminor-due/pam01429-luminor-due-prada-re-nylon.html,Luminor Due,PAM01429,7956.269999999999,7300.0,656.2699999999986
Luminor Due,UK,USA,https://www.panerai.com/gb/en/collections/watch-collection/luminor-due/pam01424-luminor-due.html,Luminor Due,PAM01424,7956.269999999999,7300.0,656.2699999999986
Luminor Due,UK,USA,https://www.panerai.com/gb/en/collections/watch-collection/luminor-due/pam01124-luminor-due.html,Luminor Due,PAM01124,8840.3,8100.0,740.2999999999993
Luminor Due,UK,USA,https://www.panerai.com/gb/en/collections/watch-collection/luminor-due/pam01387-luminor-due.html,Luminor Due,PAM01387,8966.59,8300.0,666.5900000000001
Luminor Due,UK,USA,https://www.panerai.com/gb/en/collections/watch-collection/luminor-due/pam01539-luminor-due.html,Luminor Due,PAM01539,8966.59,8300.0,666.5900000000001
Luminor Due Goldtech™ Madreperla,UK,USA,https://www.panerai.com/gb/en/collections/watch-collection/luminor-due/pam01280-luminor-due-goldtech-madreperla.html,Luminor Due,PAM01280,20206.4,18600.0,1606.4000000000015
Luminor Due TuttoOro,UK,USA,https://www.panerai.com/gb/en/collections/watch-collection/luminor-due/pam01326-luminor-due-tuttooro.html,Luminor Due,PAM01326,40539.09,37200.0,3339.0899999999965
Luminor Due TuttoOro,UK,USA,https://www.panerai.com/gb/en/collections/watch-collection/luminor-due/pam01182-luminor-due-tuttooro.html,Luminor Due,PAM01182,40539.09,37200.0,3339.0899999999965
Luminor Due Luna Goldtech™ Madreperla ,UK,USA,https://www.panerai.com/gb/en/collections/watch-collection/luminor-due/pam01181-luminor-due-luna-goldtech-madreperla.html,Luminor Due,PAM01181,23363.65,21500.0,1863.6500000000015
Luminor Due Luna TuttoOro,UK,USA,https://www.panerai.com/gb/en/collections/watch-collection/luminor-due/pam01504-luminor-due-luna-tuttooro.html,Luminor Due,PAM01504,43696.34,40200.0,3496.3399999999965
Luminor Due Yellow Gold,UK,USA,https://www.panerai.com/gb/en/collections/watch-collection/luminor-due/pam01423-luminor-due-yellow-gold.html,Luminor Due,PAM01423,23363.65,21500.0,1863.6500000000015
Luminor Due Goldtech™,UK,USA,https://www.panerai.com/gb/en/collections/watch-collection/luminor-due/pam01336-luminor-due-goldtech.html,Luminor Due,PAM01336,23363.65,21500.0,1863.6500000000015
Luminor Due Platinumtech™,UK,USA,https://www.panerai.com/gb/en/collections/watch-collection/luminor-due/pam01329-luminor-due-platinumtech.html,Luminor Due,PAM01329,42686.02,39200.0,3486.019999999997
Luminor Due TuttoOro,UK,USA,https://www.panerai.com/gb/en/collections/watch-collection/luminor-due/pam01494-luminor-due-tuttooro.html,Luminor Due,PAM01494,44832.95,41200.0,3632.949999999997
Luminor Due TuttoOro,UK,USA,https://www.panerai.com/gb/en/collections/watch-collection/luminor-due/pam01442-luminor-due-tuttooro.html,Luminor Due,PAM01442,44832.95,41200.0,3632.949999999997
