name,reference,collection,brand,price,currency,availability,product_url,image_url,country,year
Radiomir Quaranta,PAM01570,Radiomir,PANERAI,"$6,000",$,Available,https://www.panerai.com/us/en/collections/watch-collection/radiomir/pam01570-radiomir-quaranta.html,https://www.panerai.com/content/dam/rcq/pan/km/si/mL/Jw/F0/i4/ti/6H/nA/8r/_Q/kmsimLJwF0i4ti6HnA8r_Q.png,USA,2025
Radiomir Quaranta,PAM01571,Radiomir,PANERAI,"$6,000",$,Out of Stock,https://www.panerai.com/us/en/collections/watch-collection/radiomir/pam01571-radiomir-quaranta.html,https://www.panerai.com/content/dam/rcq/pan/Ot/NA/-H/39/uE/Kv/rR/oH/H4/S8/hQ/OtNA-H39uEKvrRoHH4S8hQ.png,USA,2025
Radiomir Quaranta,PAM01572,Radiomir,PANERAI,"$6,000",$,Available,https://www.panerai.com/us/en/collections/watch-collection/radiomir/pam01572-radiomir-quaranta.html,https://www.panerai.com/content/dam/rcq/pan/lz/DC/dU/3y/d0/iv/7I/zD/o2/1G/Ow/lzDCdU3yd0iv7IzDo21GOw.png,USA,2025
Radiomir Quaranta,PAM01573,Radiomir,PANERAI,"$6,000",$,Available,https://www.panerai.com/us/en/collections/watch-collection/radiomir/pam01573-radiomir-quaranta.html,https://www.panerai.com/content/dam/rcq/pan/iY/f-/Ui/M1/wU/mo/nm/OC/S1/l_/kA/iYf-UiM1wUmonmOCS1l_kA.png,USA,2025
Radiomir Officine,PAM01385,Radiomir,PANERAI,"$5,400",$,Out of Stock,https://www.panerai.com/us/en/collections/watch-collection/radiomir/pam01385-radiomir-officine.html,https://www.panerai.com/content/dam/rcq/pan/bc/NG/dJ/yn/8E/S9/WC/7R/lJ/b5/FA/bcNGdJyn8ES9WC7RlJb5FA.png,USA,2025
Radiomir Officine,PAM01384,Radiomir,PANERAI,"$5,400",$,Available,https://www.panerai.com/us/en/collections/watch-collection/radiomir/pam01384-radiomir-officine.html,https://www.panerai.com/content/dam/rcq/pan/jM/Vd/8j/GV/v0/mK/Qt/r0/gL/SM/MA/jMVd8jGVv0mKQtr0gLSMMA.png,USA,2025
Radiomir Officine,PAM01383,Radiomir,PANERAI,"$4,900",$,Available,https://www.panerai.com/us/en/collections/watch-collection/radiomir/pam01383-radiomir-officine.html,https://www.panerai.com/content/dam/rcq/pan/VZ/vB/8C/mR/E0/-8/ZC/8P/mN/A9/Qg/VZvB8CmRE0-8ZC8PmNA9Qg.png,USA,2025
Radiomir Officine,PAM01382,Radiomir,PANERAI,"$4,900",$,Available,https://www.panerai.com/us/en/collections/watch-collection/radiomir/pam01382-radiomir-officine.html,https://www.panerai.com/content/dam/rcq/pan/Ku/v1/KD/o5/Rb/Gp/9m/Wf/ki/Al/cA/Kuv1KDo5RbGp9mWfkiAlcA.png,USA,2025
Radiomir Tre Giorni,PAM01334,Radiomir,PANERAI,"$7,100",$,Available,https://www.panerai.com/us/en/collections/watch-collection/radiomir/pam01334-radiomir-tre-giorni.html,https://www.panerai.com/content/dam/rcq/pan/gF/8W/6q/zc/WU/WL/kh/SC/cT/uT/ww/gF8W6qzcWUWLkhSCcTuTww.png,USA,2025
Radiomir Tre Giorni,PAM01335,Radiomir,PANERAI,"$7,100",$,Available,https://www.panerai.com/us/en/collections/watch-collection/radiomir/pam01335-radiomir-tre-giorni.html,https://www.panerai.com/content/dam/rcq/pan/7w/I2/13/Xb/BE/Ga/MS/Z8/Y5/UA/Uw/7wI213XbBEGaMSZ8Y5UAUw.png,USA,2025
Radiomir Tre Giorni,PAM01350,Radiomir,PANERAI,"$7,100",$,Available,https://www.panerai.com/us/en/collections/watch-collection/radiomir/pam01350-radiomir-tre-giorni.html,https://www.panerai.com/content/dam/rcq/pan/mC/bG/Av/li/W0/6q/58/sB/Gm/l_/1w/mCbGAvliW06q58sBGml_1w.png,USA,2025
Radiomir Otto Giorni,PAM01347,Radiomir,PANERAI,"$9,700",$,Available,https://www.panerai.com/us/en/collections/watch-collection/radiomir/pam01347-radiomir-otto-giorni.html,https://www.panerai.com/content/dam/rcq/pan/sq/bR/W6/SN/-E/CF/th/-B/Zw/5b/tA/sqbRW6SN-ECFth-BZw5btA.png,USA,2025
Radiomir Otto Giorni,PAM01348,Radiomir,PANERAI,"$9,700",$,Out of Stock,https://www.panerai.com/us/en/collections/watch-collection/radiomir/pam01348-radiomir-otto-giorni.html,https://www.panerai.com/content/dam/rcq/pan/4-/XO/xe/EC/K0/KB/TY/Ck/p1/Pc/dA/4-XOxeECK0KBTYCkp1PcdA.png,USA,2025
Radiomir California,PAM01349,Radiomir,PANERAI,"$12,300",$,Available,https://www.panerai.com/us/en/collections/watch-collection/radiomir/pam01349-radiomir-california.html,https://www.panerai.com/content/dam/rcq/pan/Or/cO/lA/rx/8k/-r/vp/Xi/gX/X4/Lg/OrcOlArx8k-rvpXigXX4Lg.png,USA,2025
Radiomir 8 Giorni Eilean,PAM01643,Radiomir,PANERAI,"$42,500",$,Out of Stock,https://www.panerai.com/us/en/collections/watch-collection/radiomir/pam01643-radiomir-8-giorni-eilean.html,https://www.panerai.com/content/dam/rcq/pan/eg/qU/d0/pZ/R9/Ww/SQ/tm/pW/lK/wg/egqUd0pZR9WwSQtmpWlKwg.png,USA,2025
Radiomir Tourbillon GMT Bronzo,PAM01284,Radiomir,PANERAI,"$147,300",$,Out of Stock,https://www.panerai.com/us/en/collections/watch-collection/radiomir/pam01284-radiomir-tourbillon-gmt-bronzo.html,https://www.panerai.com/content/dam/rcq/pan/9K/Y5/0m/Wz/80/ix/UJ/aO/96/Jt/RQ/9KY50mWz80ixUJaO96JtRQ.png,USA,2025
Radiomir Bronzo,PAM00760,Radiomir,PANERAI,"$18,600",$,Out of Stock,https://www.panerai.com/us/en/collections/watch-collection/radiomir/pam00760-radiomir-bronzo.html,https://www.panerai.com/content/dam/rcq/pan/23/44/86/4/2344864.png,USA,2025
Radiomir Quaranta Goldtech™,PAM01026,Radiomir,PANERAI,"$18,200",$,Available,https://www.panerai.com/us/en/collections/watch-collection/radiomir/pam01026-radiomir-quaranta-goldtech.html,https://www.panerai.com/content/dam/rcq/pan/Y3/Ss/Mi/Bi/wk/-O/Lv/Y5/uN/5d/Kw/Y3SsMiBiwk-OLvY5uN5dKw.png,USA,2025
Radiomir Quaranta Yellow Gold,PAM01437,Radiomir,PANERAI,"$18,200",$,Available,https://www.panerai.com/us/en/collections/watch-collection/radiomir/pam01437-radiomir-quaranta-yellow-gold.html,https://www.panerai.com/content/dam/rcq/pan/g5/cn/Xo/v8/vE/CP/Dz/ME/gY/Ge/cQ/g5cnXov8vECPDzMEgYGecQ.png,USA,2025
Radiomir Annual Calendar Goldtech™,PAM01363,Radiomir,PANERAI,"$34,700",$,Out of Stock,https://www.panerai.com/us/en/collections/watch-collection/radiomir/pam01363-radiomir-annual-calendar-goldtech.html,https://www.panerai.com/content/dam/rcq/pan/0a/Da/kZ/iJ/KE/SO/mC/pE/wx/Oj/6Q/0aDakZiJKESOmCpEwxOj6Q.png,USA,2025
Radiomir Annual Calendar Platinumtech™,PAM01364,Radiomir,PANERAI,"$51,100",$,Out of Stock,https://www.panerai.com/us/en/collections/watch-collection/radiomir/pam01364-radiomir-annual-calendar-platinumtech.html,https://www.panerai.com/content/dam/rcq/pan/nN/44/E4/4V/K0/OU/KX/iq/Yn/WM/tw/nN44E44VK0OUKXiqYnWMtw.png,USA,2025
Radiomir Perpetual Calendar GMT Goldtech™,PAM01453,Radiomir,PANERAI,"$43,300",$,Out of Stock,https://www.panerai.com/us/en/collections/watch-collection/radiomir/pam01453-radiomir-perpetual-calendar-gmt-goldtech.html,https://www.panerai.com/content/dam/rcq/pan/My/We/PY/oA/Tp/Oa/kB/sg/ji/dh/iw/MyWePYoATpOakBsgjidhiw.png,USA,2025
Radiomir Minute Repeater Tourbillon GMT,PAM00600,Radiomir,PANERAI,"$398,400",$,Out of Stock,https://www.panerai.com/us/en/collections/watch-collection/radiomir/pam00600-radiomir-minute-repeater-tourbillon-gmt.html,https://www.panerai.com/content/dam/rcq/pan/13/14/96/3/1314963.png,USA,2025
Luminor Base Logo,PAM01623,Luminor,PANERAI,"$5,600",$,Available,https://www.panerai.com/us/en/collections/watch-collection/luminor/pam01623-luminor-base-logo.html,https://www.panerai.com/content/dam/rcq/pan/mc/zJ/or/Ov/Rc/aM/aT/bm/8A/yR/4Q/mczJorOvRcaMaTbm8AyR4Q.png,USA,2025
Luminor Base Logo,PAM01087,Luminor,PANERAI,"$5,600",$,Available,https://www.panerai.com/us/en/collections/watch-collection/luminor/pam01087-luminor-base-logo.html,https://www.panerai.com/content/dam/rcq/pan/ly/Km/5Y/vf/ZE/Cs/Sd/0o/pV/X4/nA/lyKm5YvfZECsSd0opVX4nA.png,USA,2025
Luminor Base Logo,PAM01086,Luminor,PANERAI,"$5,600",$,Available,https://www.panerai.com/us/en/collections/watch-collection/luminor/pam01086-luminor-base-logo.html,https://www.panerai.com/content/dam/rcq/pan/eO/-Y/kP/44/So/Ki/ps/Ho/yr/yZ/ow/eO-YkP44SoKipsHoyryZow.png,USA,2025
Luminor Logo,PAM01084,Luminor,PANERAI,"$6,100",$,Available,https://www.panerai.com/us/en/collections/watch-collection/luminor/pam01084-luminor-logo.html,https://www.panerai.com/content/dam/rcq/pan/20/83/65/0/2083650.png,USA,2025
Luminor Logo ,PAM01085,Luminor,PANERAI,"$6,100",$,Available,https://www.panerai.com/us/en/collections/watch-collection/luminor/pam01085-luminor-logo.html,https://www.panerai.com/content/dam/rcq/pan/20/61/23/0/2061230.png,USA,2025
Luminor Logo,PAM01624,Luminor,PANERAI,"$6,100",$,Available,https://www.panerai.com/us/en/collections/watch-collection/luminor/pam01624-luminor-logo.html,https://www.panerai.com/content/dam/rcq/pan/RP/Oi/dq/A6/SZ/yy/aM/v3/sX/4-/9w/RPOidqA6SZyyaMv3sX4-9w.png,USA,2025
Luminor Tre Giorni,PAM01628,Luminor,PANERAI,"$10,500",$,Out of Stock,https://www.panerai.com/us/en/collections/watch-collection/luminor/pam01628-luminor-tre-giorni.html,https://www.panerai.com/content/dam/rcq/pan/Hk/Ga/VG/Yo/Tk/KS/Jy/rN/sE/Nq/_Q/HkGaVGYoTkKSJyrNsENq_Q.png,USA,2025
Luminor 8 Giorni,PAM00914,Luminor,PANERAI,"$7,100",$,Available,https://www.panerai.com/us/en/collections/watch-collection/luminor/pam00914-luminor-8-giorni.html,https://www.panerai.com/content/dam/rcq/pan/19/76/97/9/1976979.png,USA,2025
Luminor 8 Giorni,PAM00915,Luminor,PANERAI,"$7,600",$,Available,https://www.panerai.com/us/en/collections/watch-collection/luminor/pam00915-luminor-8-giorni.html,https://www.panerai.com/content/dam/rcq/pan/19/76/97/7/1976977.png,USA,2025
Luminor Destro Otto Giorni,PAM01655,Luminor,PANERAI,"$8,100",$,Available,https://www.panerai.com/us/en/collections/watch-collection/luminor/pam01655-luminor-destro-otto-giorni.html,https://www.panerai.com/content/dam/rcq/pan/O8/G5/Gh/c9/Rx/-F/WM/TF/KB/r1/wQ/O8G5Ghc9Rx-FWMTFKBr1wQ.png,USA,2025
Luminor Marina,PAM00422,Luminor,PANERAI,"$11,300",$,Out of Stock,https://www.panerai.com/us/en/collections/watch-collection/luminor/pam00422-luminor-marina.html,https://www.panerai.com/content/dam/rcq/pan/79/27/56/792756.png,USA,2025
Luminor Quaranta,PAM01371,Luminor,PANERAI,"$7,800",$,Available,https://www.panerai.com/us/en/collections/watch-collection/luminor/pam01371-luminor-quaranta.html,https://www.panerai.com/content/dam/rcq/pan/22/37/63/3/2237633.png,USA,2025
Luminor Quaranta,PAM01370,Luminor,PANERAI,"$7,800",$,Available,https://www.panerai.com/us/en/collections/watch-collection/luminor/pam01370-luminor-quaranta.html,https://www.panerai.com/content/dam/rcq/pan/22/37/39/8/2237398.png,USA,2025
Luminor Quaranta,PAM01372,Luminor,PANERAI,"$7,800",$,Available,https://www.panerai.com/us/en/collections/watch-collection/luminor/pam01372-luminor-quaranta.html,https://www.panerai.com/content/dam/rcq/pan/22/37/63/4/2237634.png,USA,2025
Luminor Quaranta Steel DLC Luna Rossa,PAM01408,Luminor,PANERAI,"$9,300",$,Out of Stock,https://www.panerai.com/us/en/collections/watch-collection/luminor/pam01408-luminor-quaranta-steel-dlc-luna-rossa.html,https://www.panerai.com/content/dam/rcq/pan/UQ/Ak/CS/b6/7k/6a/A4/va/FF/7t/WQ/UQAkCSb67k6aA4vaFF7tWQ.png,USA,2025
Luminor Quaranta Carbotech™,PAM01526,Luminor,PANERAI,"$13,300",$,Out of Stock,https://www.panerai.com/us/en/collections/watch-collection/luminor/pam01526-luminor-quaranta-carbotech.html,https://www.panerai.com/content/dam/rcq/pan/N4/Nf/LG/Uz/Qr/aO/YK/-9/th/IN/TQ/N4NfLGUzQraOYK-9thINTQ.png,USA,2025
Luminor Marina,PAM01314,Luminor,PANERAI,"$8,800",$,Available,https://www.panerai.com/us/en/collections/watch-collection/luminor/pam01314-luminor-marina.html,https://www.panerai.com/content/dam/rcq/pan/20/66/83/2/2066832.png,USA,2025
Luminor Marina,PAM01313,Luminor,PANERAI,"$8,800",$,Available,https://www.panerai.com/us/en/collections/watch-collection/luminor/pam01313-luminor-marina.html,https://www.panerai.com/content/dam/rcq/pan/20/50/94/8/2050948.png,USA,2025
Luminor Marina,PAM01312,Luminor,PANERAI,"$8,800",$,Available,https://www.panerai.com/us/en/collections/watch-collection/luminor/pam01312-luminor-marina.html,https://www.panerai.com/content/dam/rcq/pan/13/33/02/4/1333024.png,USA,2025
Luminor Marina Blu Profondo,PAM01157,Luminor,PANERAI,"$9,400",$,Available,https://www.panerai.com/us/en/collections/watch-collection/luminor/pam01157-luminor-marina-blu-profondo.html,https://www.panerai.com/content/dam/rcq/pan/R-/Ap/va/Qh/qU/uK/cE/iQ/Og/Ny/qA/R-ApvaQhqUuKcEiQOgNyqA.png,USA,2025
Luminor Marina Verde Smeraldo,PAM01356,Luminor,PANERAI,"$9,400",$,Available,https://www.panerai.com/us/en/collections/watch-collection/luminor/pam01356-luminor-marina-verde-smeraldo.html,https://www.panerai.com/content/dam/rcq/pan/xs/L0/lh/NQ/Q0/W5/d0/cN/sD/l9/gA/xsL0lhNQQ0W5d0cNsDl9gA.png,USA,2025
Luminor Marina Grigio Roccia,PAM01358,Luminor,PANERAI,"$9,400",$,Available,https://www.panerai.com/us/en/collections/watch-collection/luminor/pam01358-luminor-marina-grigio-roccia.html,https://www.panerai.com/content/dam/rcq/pan/2r/qU/Pf/R3/7U/6K/mv/An/Xj/50/4Q/2rqUPfR37U6KmvAnXj504Q.png,USA,2025
Luminor Marina,PAM01564,Luminor,PANERAI,"$9,500",$,Out of Stock,https://www.panerai.com/us/en/collections/watch-collection/luminor/pam01564-luminor-marina.html,https://www.panerai.com/content/dam/rcq/pan/m0/3l/oJ/Ur/xU/WL/8v/Sx/xI/OT/pg/m03loJUrxUWL8vSxxIOTpg.png,USA,2025
Luminor Marina,PAM01316,Luminor,PANERAI,"$9,500",$,Out of Stock,https://www.panerai.com/us/en/collections/watch-collection/luminor/pam01316-luminor-marina.html,https://www.panerai.com/content/dam/rcq/pan/20/67/63/6/2067636.png,USA,2025
Luminor Marina,PAM01562,Luminor,PANERAI,"$9,500",$,Out of Stock,https://www.panerai.com/us/en/collections/watch-collection/luminor/pam01562-luminor-marina.html,https://www.panerai.com/content/dam/rcq/pan/ir/1O/R1/R_/r0/mp/KS/la/o1/Xf/zw/ir1OR1R_r0mpKSlao1Xfzw.png,USA,2025
Luminor Marina Navy SEALs,PAM01412,Luminor,PANERAI,"$9,800",$,Available,https://www.panerai.com/us/en/collections/watch-collection/luminor/pam01412-luminor-marina-navy-seals.html,https://www.panerai.com/content/dam/rcq/pan/qP/1R/cN/9g/ak/yg/8r/VG/Fa/UT/Iw/qP1RcN9gakyg8rVGFaUTIw.png,USA,2025
Luminor Marina Carbotech™,PAM02661,Luminor,PANERAI,"$14,800",$,Available,https://www.panerai.com/us/en/collections/watch-collection/luminor/pam02661-luminor-marina-carbotech.html,https://www.panerai.com/content/dam/rcq/pan/EO/eS/-u/5M/rE/m5/DR/uq/SJ/ji/7g/EOeS-u5MrEm5DRuqSJji7g.png,USA,2025
Luminor Marina TuttoGrigio,PAM02662,Luminor,PANERAI,"$16,300",$,Out of Stock,https://www.panerai.com/us/en/collections/watch-collection/luminor/pam02662-luminor-marina-tuttogrigio.html,https://www.panerai.com/content/dam/rcq/pan/yy/cr/9q/UF/8E/i4/Xp/AT/OQ/_Q/Qw/yycr9qUF8Ei4XpATOQ_QQw.png,USA,2025
Luminor Marina Goldtech™ ,PAM01112,Luminor,PANERAI,"$26,800",$,Available,https://www.panerai.com/us/en/collections/watch-collection/luminor/pam01112-luminor-marina-goldtech.html,https://www.panerai.com/content/dam/rcq/pan/20/35/33/2/2035332.png,USA,2025
Luminor Quaranta BiTempo,PAM01365,Luminor,PANERAI,"$9,200",$,Available,https://www.panerai.com/us/en/collections/watch-collection/luminor/pam01365-luminor-quaranta-bitempo.html,https://www.panerai.com/content/dam/rcq/pan/uG/0I/iH/F2/xE/iG/8V/Vk/z4/Lv/Ig/uG0IiHF2xEiG8VVkz4LvIg.png,USA,2025
Luminor Quaranta BiTempo,PAM01367,Luminor,PANERAI,"$9,200",$,Available,https://www.panerai.com/us/en/collections/watch-collection/luminor/pam01367-luminor-quaranta-bitempo.html,https://www.panerai.com/content/dam/rcq/pan/CT/n-/6W/SU/ok/CC/Wq/YS/6M/km/gQ/CTn-6WSUokCCWqYS6MkmgQ.png,USA,2025
Luminor Quaranta BiTempo Luna Rossa,PAM01404,Luminor,PANERAI,"$9,600",$,Available,https://www.panerai.com/us/en/collections/watch-collection/luminor/pam01404-luminor-quaranta-bitempo-luna-rossa.html,https://www.panerai.com/content/dam/rcq/pan/i7/zz/dP/TF/Kk/6Y/YC/D8/K6/wz/xQ/i7zzdPTFKk6YYCD8K6wzxQ.png,USA,2025
Luminor Quaranta BiTempo,PAM01640,Luminor,PANERAI,"$9,800",$,Available,https://www.panerai.com/us/en/collections/watch-collection/luminor/pam01640-luminor-quaranta-bitempo.html,https://www.panerai.com/content/dam/rcq/pan/8G/1V/mN/s5/Tj/2E/r0/-R/p2/Tt/0A/8G1VmNs5Tj2Er0-Rp2Tt0A.png,USA,2025
Luminor Quaranta BiTempo Goldtech™,PAM01641,Luminor,PANERAI,"$25,400",$,Out of Stock,https://www.panerai.com/us/en/collections/watch-collection/luminor/pam01641-luminor-quaranta-bitempo-goldtech.html,https://www.panerai.com/content/dam/rcq/pan/c1/qc/KI/QE/RB/uk/hB/wg/mT/GE/4g/c1qcKIQERBukhBwgmTGE4g.png,USA,2025
Luminor BiTempo Power Reserve,PAM01360,Luminor,PANERAI,"$10,600",$,Available,https://www.panerai.com/us/en/collections/watch-collection/luminor/pam01360-luminor-bitempo-power-reserve.html,https://www.panerai.com/content/dam/rcq/pan/OJ/1e/ma/oI/EU/ex/4m/Es/3I/a1/ow/OJ1emaoIEUex4mEs3Ia1ow.png,USA,2025
Luminor BiTempo Power Reserve,PAM01361,Luminor,PANERAI,"$10,600",$,Available,https://www.panerai.com/us/en/collections/watch-collection/luminor/pam01361-luminor-bitempo-power-reserve.html,https://www.panerai.com/content/dam/rcq/pan/aM/zj/RO/N0/6k/Sl/Pw/jL/Cm/ro/kg/aMzjRON06kSlPwjLCmrokg.png,USA,2025
Luminor GMT,PAM01441,Luminor,PANERAI,"$14,900",$,Available,https://www.panerai.com/us/en/collections/watch-collection/luminor/pam01441-luminor-gmt.html,https://www.panerai.com/content/dam/rcq/pan/17/12/33/1/1712331.png,USA,2025
Luminor GMT Power Reserve Ceramica,PAM01674,Luminor,PANERAI,"$19,100",$,Out of Stock,https://www.panerai.com/us/en/collections/watch-collection/luminor/pam01674-luminor-gmt-power-reserve-ceramica.html,https://www.panerai.com/content/dam/rcq/pan/MC/aC/kK/6t/TR/SO/eX/tG/o5/BN/Hg/MCaCkK6tTRSOeXtGo5BNHg.png,USA,2025
Luminor Chrono,PAM01218,Luminor,PANERAI,"$10,000",$,Available,https://www.panerai.com/us/en/collections/watch-collection/luminor/pam01218-luminor-chrono.html,https://www.panerai.com/content/dam/rcq/pan/21/48/54/1/2148541.png,USA,2025
Luminor Chrono,PAM01109,Luminor,PANERAI,"$10,000",$,Available,https://www.panerai.com/us/en/collections/watch-collection/luminor/pam01109-luminor-chrono.html,https://www.panerai.com/content/dam/rcq/pan/21/48/44/8/2148448.png,USA,2025
Luminor Chrono,PAM01110,Luminor,PANERAI,"$10,800",$,Available,https://www.panerai.com/us/en/collections/watch-collection/luminor/pam01110-luminor-chrono.html,https://www.panerai.com/content/dam/rcq/pan/21/48/47/5/2148475.png,USA,2025
Luminor Chrono,PAM01548,Luminor,PANERAI,"$10,800",$,Available,https://www.panerai.com/us/en/collections/watch-collection/luminor/pam01548-luminor-chrono.html,https://www.panerai.com/content/dam/rcq/pan/KN/yQ/HT/7X/8E/mk/Jn/fc/ZC/aV/Ig/KNyQHT7X8EmkJnfcZCaVIg.png,USA,2025
Luminor Chrono Carbotech™,PAM01219,Luminor,PANERAI,"$16,600",$,Available,https://www.panerai.com/us/en/collections/watch-collection/luminor/pam01219-luminor-chrono-carbotech.html,https://www.panerai.com/content/dam/rcq/pan/cd/oK/fQ/Qt/SU/et/Rb/ak/AV/Fk/TA/cdoKfQQtSUetRbakAVFkTA.png,USA,2025
Luminor Chrono Goldtech™,PAM01111,Luminor,PANERAI,"$29,400",$,Available,https://www.panerai.com/us/en/collections/watch-collection/luminor/pam01111-luminor-chrono-goldtech.html,https://www.panerai.com/content/dam/rcq/pan/21/48/50/1/2148501.png,USA,2025
Luminor Chrono Navy SEALs,PAM01409,Luminor,PANERAI,"$11,000",$,Out of Stock,https://www.panerai.com/us/en/collections/watch-collection/luminor/pam01409-luminor-chrono-navy-seals.html,https://www.panerai.com/content/dam/rcq/pan/gE/0n/MZ/Ma/9k/Op/N-/8F/mc/nf/DQ/gE0nMZMa9kOpN-8FmcnfDQ.png,USA,2025
Luminor Chrono Carbotech™ Navy SEALs,PAM01419,Luminor,PANERAI,"$17,900",$,Available,https://www.panerai.com/us/en/collections/watch-collection/luminor/pam01419-luminor-chrono-carbotech-navy-seals.html,https://www.panerai.com/content/dam/rcq/pan/Sm/IC/8D/Fv/HU/qL/NG/kj/Mg/F8/8g/SmIC8DFvHUqLNGkjMgF88g.png,USA,2025
Luminor Dieci Giorni GMT,PAM01482,Luminor,PANERAI,"$15,200",$,Out of Stock,https://www.panerai.com/us/en/collections/watch-collection/luminor/pam01482-luminor-dieci-giorni-gmt.html,https://www.panerai.com/content/dam/rcq/pan/MT/BC/lK/ZB/Tv/GJ/d8/UV/Nx/2S/Bw/MTBClKZBTvGJd8UVNx2SBw.png,USA,2025
Luminor Dieci Giorni GMT Ceramica,PAM01483,Luminor,PANERAI,"$19,500",$,Out of Stock,https://www.panerai.com/us/en/collections/watch-collection/luminor/pam01483-luminor-dieci-giorni-gmt-ceramica.html,https://www.panerai.com/content/dam/rcq/pan/DZ/dw/-j/Qb/SQ/6U/2X/HX/LA/S_/dg/DZdw-jQbSQ6U2XHXLAS_dg.png,USA,2025
Luminor Perpetual Calendar GMT Goldtech™ ,PAM00742,Luminor,PANERAI,"$45,100",$,Out of Stock,https://www.panerai.com/us/en/collections/watch-collection/luminor/pam00742-luminor-perpetual-calendar-gmt-goldtech.html,https://www.panerai.com/content/dam/rcq/pan/21/48/57/9/2148579.png,USA,2025
Luminor Perpetual Calendar GMT Platinumtech™,PAM00715,Luminor,PANERAI,"$62,400",$,Out of Stock,https://www.panerai.com/us/en/collections/watch-collection/luminor/pam00715-luminor-perpetual-calendar-gmt-platinumtech.html,https://www.panerai.com/content/dam/rcq/pan/21/64/65/8/2164658.png,USA,2025
Luminor Perpetual Calendar Goldtech™,PAM01688,Luminor,PANERAI,"$45,900",$,Out of Stock,https://www.panerai.com/us/en/collections/watch-collection/luminor/pam01688-luminor-perpetual-calendar-goldtech.html,https://www.panerai.com/content/dam/rcq/pan/jn/Ma/k1/Ej/TF/Od/9e/BI/Oo/Jx/ww/jnMak1EjTFOd9eBIOoJxww.png,USA,2025
Luminor Equation of Time GMT Titanio,PAM00670,Luminor,PANERAI,"$24,000",$,Available,https://www.panerai.com/us/en/collections/watch-collection/luminor/pam00670-luminor-equation-of-time-gmt-titanio.html,https://www.panerai.com/content/dam/rcq/pan/14/08/20/0/1408200.png,USA,2025
Luminor Tourbillon GMT,PAM01060,Luminor,PANERAI,"$163,700",$,Out of Stock,https://www.panerai.com/us/en/collections/watch-collection/luminor/pam01060-luminor-tourbillon-gmt.html,https://www.panerai.com/content/dam/rcq/pan/21/64/94/7/2164947.png,USA,2025
Luminor Tourbillon Moon Phases Equation of Time GMT - L’Astronomo,PAM00920,Luminor,PANERAI,"$233,800",$,Out of Stock,https://www.panerai.com/us/en/collections/watch-collection/luminor/pam00920-luminor-tourbillon-moon-phases-equation-of-time-gmt--la.html,https://www.panerai.com/content/dam/rcq/pan/16/49/88/2/1649882.png,USA,2025
Submersible Luna Rossa,PAM01565,Submersible,PANERAI,"$11,300",$,Available,https://www.panerai.com/us/en/collections/watch-collection/submersible/pam01565-submersible-luna-rossa.html,https://www.panerai.com/content/dam/rcq/pan/eF/U8/Cs/i-/Rm/iU/J8/g-/RV/zu/FQ/eFU8Csi-RmiUJ8g-RVzuFQ.png,USA,2025
Submersible Luna Rossa,PAM01579,Submersible,PANERAI,"$11,000",$,Available,https://www.panerai.com/us/en/collections/watch-collection/submersible/pam01579-submersible-luna-rossa.html,https://www.panerai.com/content/dam/rcq/pan/s3/TK/qr/fW/Qd/S3/Ae/7p/RH/lM/0A/s3TKqrfWQdS3Ae7pRHlM0A.png,USA,2025
Submersible GMT Luna Rossa Titanio,PAM01507,Submersible,PANERAI,"$12,300",$,Available,https://www.panerai.com/us/en/collections/watch-collection/submersible/pam01507-submersible-gmt-luna-rossa-titanio.html,https://www.panerai.com/content/dam/rcq/pan/ix/02/wr/hb/T0/Kj/JT/tX/DQ/H-/VQ/ix02wrhbT0KjJTtXDQH-VQ.png,USA,2025
Submersible Luna Rossa Carbotech™,PAM01563,Submersible,PANERAI,"$18,100",$,Out of Stock,https://www.panerai.com/us/en/collections/watch-collection/submersible/pam01563-submersible-luna-rossa-carbotech.html,https://www.panerai.com/content/dam/rcq/pan/nL/cF/Gj/Cp/SW/WO/2g/bX/qa/wF/qw/nLcFGjCpSWWO2gbXqawFqw.png,USA,2025
Submersible QuarantaQuattro Luna Rossa Ti-Ceramitech™,PAM01543,Submersible,PANERAI,"$16,600",$,Available,https://www.panerai.com/us/en/collections/watch-collection/submersible/pam01543-submersible-quarantaquattro-luna-rossa-ti-ceramitech.html,https://www.panerai.com/content/dam/rcq/pan/8W/58/Pm/8p/Sm/Cb/bP/rt/oR/9j/Yg/8W58Pm8pSmCbbPrtoR9jYg.png,USA,2025
Submersible QuarantaQuattro Luna Rossa Ti-Ceramitech™,PAM01466,Submersible,PANERAI,"$16,600",$,Available,https://www.panerai.com/us/en/collections/watch-collection/submersible/pam01466-submersible-quarantaquattro-luna-rossa-ti-ceramitech.html,https://www.panerai.com/content/dam/rcq/pan/pv/nm/Af/Bx/RC/Ca/gf/sN/AQ/o3/LQ/pvnmAfBxRCCagfsNAQo3LQ.png,USA,2025
Submersible Tourbillon GMT Luna Rossa Experience Edition,PAM01405,Submersible,PANERAI,"$168,900",$,Out of Stock,https://www.panerai.com/us/en/collections/watch-collection/submersible/pam01405-submersible-tourbillon-gmt-luna-rossa-experience-editio.html,https://www.panerai.com/content/dam/rcq/pan/2T/Pz/VE/A5/TJ/qP/hT/oB/Nh/bG/_Q/2TPzVEA5TJqPhToBNhbG_Q.png,USA,2025
Submersible QuarantaQuattro GMT Navy SEALs Carbotech™,PAM01513,Submersible,PANERAI,"$19,700",$,Available,https://www.panerai.com/us/en/collections/watch-collection/submersible/pam01513-submersible-quarantaquattro-gmt-navy-seals-carbotech.html,https://www.panerai.com/content/dam/rcq/pan/1F/JD/5j/NG/RS/We/7S/rS/w1/bk/fQ/1FJD5jNGRSWe7SrSw1bkfQ.png,USA,2025
Submersible,PAM01590,Submersible,PANERAI,"$9,500",$,Available,https://www.panerai.com/us/en/collections/watch-collection/submersible/pam01590-submersible.html,https://www.panerai.com/content/dam/rcq/pan/bk/Dr/Si/Cl/xk/ii/tB/IY/OU/Os/HQ/bkDrSiClxkiitBIYOUOsHQ.png,USA,2025
Submersible,PAM02973,Submersible,PANERAI,"$9,500",$,Available,https://www.panerai.com/us/en/collections/watch-collection/submersible/pam02973-submersible.html,https://www.panerai.com/content/dam/rcq/pan/19/18/47/7/1918477.png,USA,2025
Submersible,PAM02683,Submersible,PANERAI,"$10,500",$,Out of Stock,https://www.panerai.com/us/en/collections/watch-collection/submersible/pam02683-submersible.html,https://www.panerai.com/content/dam/rcq/pan/18/18/65/0/1818650.png,USA,2025
Submersible,PAM02068,Submersible,PANERAI,"$11,700",$,Available,https://www.panerai.com/us/en/collections/watch-collection/submersible/pam02068-submersible.html,https://www.panerai.com/content/dam/rcq/pan/21/69/21/8/2169218.png,USA,2025
Submersible QuarantaQuattro,PAM01595,Submersible,PANERAI,"$9,900",$,Available,https://www.panerai.com/us/en/collections/watch-collection/submersible/pam01595-submersible-quarantaquattro.html,https://www.panerai.com/content/dam/rcq/pan/23/07/80/2/2307802.png,USA,2025
Submersible QuarantaQuattro,PAM01596,Submersible,PANERAI,"$9,900",$,Available,https://www.panerai.com/us/en/collections/watch-collection/submersible/pam01596-submersible-quarantaquattro.html,https://www.panerai.com/content/dam/rcq/pan/23/07/82/3/2307823.png,USA,2025
Submersible QuarantaQuattro Navy SEALs,PAM01518,Submersible,PANERAI,"$10,200",$,Available,https://www.panerai.com/us/en/collections/watch-collection/submersible/pam01518-submersible-quarantaquattro-navy-seals.html,https://www.panerai.com/content/dam/rcq/pan/4A/98/Kb/Z2/S6/uD/jB/JL/VC/Ts/bg/4A98KbZ2S6uDjBJLVCTsbg.png,USA,2025
Submersible GMT Navy SEALs,PAM01323,Submersible,PANERAI,"$11,100",$,Out of Stock,https://www.panerai.com/us/en/collections/watch-collection/submersible/pam01323-submersible-gmt-navy-seals.html,https://www.panerai.com/content/dam/rcq/pan/wU/AA/78/ij/zU/6D/hw/sJ/dj/NG/Uw/wUAA78ijzU6DhwsJdjNGUw.png,USA,2025
Submersible QuarantaQuattro Mike Horn   ,PAM01676,Submersible,PANERAI,"$11,900",$,Available,https://www.panerai.com/us/en/collections/watch-collection/submersible/pam01676-submersible-quarantaquattro-mike-horn.html,https://www.panerai.com/content/dam/rcq/pan/A3/KM/Bt/Wu/Si/ml/4e/Tl/Z5/Aj/cA/A3KMBtWuSiml4eTlZ5AjcA.png,USA,2025
Submersible QuarantaQuattro Luna Rossa,PAM01681,Submersible,PANERAI,"$12,100",$,Out of Stock,https://www.panerai.com/us/en/collections/watch-collection/submersible/pam01681-submersible-quarantaquattro-luna-rossa.html,https://www.panerai.com/content/dam/rcq/pan/gR/PC/qL/Hg/Sf/W6/3V/0x/ZW/AN/wA/gRPCqLHgSfW63V0xZWANwA.png,USA,2025
Submersible QuarantaQuattro Grigio Roccia,PAM01288,Submersible,PANERAI,"$11,600",$,Available,https://www.panerai.com/us/en/collections/watch-collection/submersible/pam01288-submersible-quarantaquattro-grigio-roccia.html,https://www.panerai.com/content/dam/rcq/pan/23/07/86/6/2307866.png,USA,2025
Submersible QuarantaQuattro Blu Profondo,PAM01289,Submersible,PANERAI,"$11,600",$,Available,https://www.panerai.com/us/en/collections/watch-collection/submersible/pam01289-submersible-quarantaquattro-blu-profondo.html,https://www.panerai.com/content/dam/rcq/pan/23/07/84/8/2307848.png,USA,2025
Submersible QuarantaQuattro Verde Smeraldo,PAM01287,Submersible,PANERAI,"$11,600",$,Available,https://www.panerai.com/us/en/collections/watch-collection/submersible/pam01287-submersible-quarantaquattro-verde-smeraldo.html,https://www.panerai.com/content/dam/rcq/pan/23/07/84/0/2307840.png,USA,2025
Submersible Carbotech™,PAM02231,Submersible,PANERAI,"$17,600",$,Available,https://www.panerai.com/us/en/collections/watch-collection/submersible/pam02231-submersible-carbotech.html,https://www.panerai.com/content/dam/rcq/pan/23/44/86/9/2344869.png,USA,2025
Submersible Bronzo ,PAM01074,Submersible,PANERAI,"$17,700",$,Out of Stock,https://www.panerai.com/us/en/collections/watch-collection/submersible/pam01074-submersible-bronzo.html,https://www.panerai.com/content/dam/rcq/pan/21/33/34/4/2133344.png,USA,2025
Submersible QuarantaQuattro Carbotech™,PAM01232,Submersible,PANERAI,"$18,600",$,Available,https://www.panerai.com/us/en/collections/watch-collection/submersible/pam01232-submersible-quarantaquattro-carbotech.html,https://www.panerai.com/content/dam/rcq/pan/23/07/82/6/2307826.png,USA,2025
Submersible S Brabus Blue Shadow Edition,PAM01241,Submersible,PANERAI,"$45,100",$,Out of Stock,https://www.panerai.com/us/en/collections/watch-collection/submersible/pam01241-submersible-s-brabus-blue-shadow-edition.html,https://www.panerai.com/content/dam/rcq/pan/U2/nF/8D/-f/SB/-t/gx/HO/CO/Dp/dg/U2nF8D-fSB-tgxHOCODpdg.png,USA,2025
Submersible S Brabus,PAM01403,Submersible,PANERAI,"$45,100",$,Out of Stock,https://www.panerai.com/us/en/collections/watch-collection/submersible/pam01403-submersible-s-brabus.html,https://www.panerai.com/content/dam/rcq/pan/K3/JK/9I/Io/tU/6I/ZP/Vh/pP/h2/Qw/K3JK9IIotU6IZPVhpPh2Qw.png,USA,2025
Submersible S Brabus Carbotech™,PAM01283,Submersible,PANERAI,"$45,100",$,Out of Stock,https://www.panerai.com/us/en/collections/watch-collection/submersible/pam01283-submersible-s-brabus-carbotech.html,https://www.panerai.com/content/dam/rcq/pan/yN/Jv/Qn/MQ/R0/Gc/Rj/8T/9-/xV/WQ/yNJvQnMQR0GcRj8T9-xVWQ.png,USA,2025
Submersible Titanio,PAM02305,Submersible,PANERAI,"$10,700",$,Available,https://www.panerai.com/us/en/collections/watch-collection/submersible/pam02305-submersible-titanio.html,https://www.panerai.com/content/dam/rcq/pan/14/62/63/2/1462632.png,USA,2025
Submersible BMG-TECH™,PAM02692,Submersible,PANERAI,"$14,800",$,Available,https://www.panerai.com/us/en/collections/watch-collection/submersible/pam02692-submersible-bmg-tech.html,https://www.panerai.com/content/dam/rcq/pan/14/62/62/8/1462628.png,USA,2025
Submersible Navy SEALs Titanio,PAM01669,Submersible,PANERAI,"$13,700",$,Available,https://www.panerai.com/us/en/collections/watch-collection/submersible/pam01669-submersible-navy-seals-titanio.html,https://www.panerai.com/content/dam/rcq/pan/E3/pO/EU/Hi/TV/So/QV/Y3/2p/45/cg/E3pOEUHiTVSoQVY32p45cg.png,USA,2025
Submersible Carbotech™,PAM02616,Submersible,PANERAI,"$18,900",$,Out of Stock,https://www.panerai.com/us/en/collections/watch-collection/submersible/pam02616-submersible-carbotech.html,https://www.panerai.com/content/dam/rcq/pan/B7/vA/ev/hg/Q5/eK/ol/qo/pT/yI/Jg/B7vAevhgQ5eKolqopTyIJg.png,USA,2025
Submersible Marina Militare Carbotech™,PAM02979,Submersible,PANERAI,"$20,200",$,Available,https://www.panerai.com/us/en/collections/watch-collection/submersible/pam02979-submersible-marina-militare-carbotech.html,https://www.panerai.com/content/dam/rcq/pan/18/18/65/5/1818655.png,USA,2025
Submersible Bronzo,PAM00968,Submersible,PANERAI,"$18,600",$,Out of Stock,https://www.panerai.com/us/en/collections/watch-collection/submersible/pam00968-submersible-bronzo.html,https://www.panerai.com/content/dam/rcq/pan/18/95/60/5/1895605.png,USA,2025
Submersible GMT Titanio Mike Horn Experience Edition,PAM01670,Submersible,PANERAI,"$82,300",$,Out of Stock,https://www.panerai.com/us/en/collections/watch-collection/submersible/pam01670-submersible-gmt-titanio-mike-horn-experience-edition.html,https://www.panerai.com/content/dam/rcq/pan/Vq/s9/8n/Uk/TY/60/z4/Gh/2e/cj/dg/Vqs98nUkTY60z4Gh2ecjdg.png,USA,2025
Submersible Elux LAB-ID,PAM01800,Submersible,PANERAI,"$93,600",$,Out of Stock,https://www.panerai.com/us/en/collections/watch-collection/submersible/pam01800-submersible-elux-lab-id.html,https://www.panerai.com/content/dam/rcq/pan/lj/Vl/-U/GM/Qb/2I/v0/VH/xR/2w/Uw/ljVl-UGMQb2Iv0VHxR2wUw.png,USA,2025
Submersible Forze Speciali,PAM02239,Submersible,PANERAI,"$30,400",$,Out of Stock,https://www.panerai.com/us/en/collections/watch-collection/submersible/pam02239-submersible-forze-speciali.html,https://www.panerai.com/content/dam/rcq/pan/23/07/81/3/2307813.png,USA,2025
Submersible Chrono Navy SEALs Titanio,PAM01521,Submersible,PANERAI,"$34,200",$,Out of Stock,https://www.panerai.com/us/en/collections/watch-collection/submersible/pam01521-submersible-chrono-navy-seals-titanio.html,https://www.panerai.com/content/dam/rcq/pan/bW/sU/D8/w3/RT/qG/Ao/PD/im/wu/aw/bWsUD8w3RTqGAoPDimwuaw.png,USA,2025
Submersible Goldtech™,PAM02164,Submersible,PANERAI,"$29,900",$,Available,https://www.panerai.com/us/en/collections/watch-collection/submersible/pam02164-submersible-goldtech.html,https://www.panerai.com/content/dam/rcq/pan/21/34/44/9/2134449.png,USA,2025
Submersible QuarantaQuattro Goldtech™ OroCarbo,PAM02070,Submersible,PANERAI,"$33,300",$,Available,https://www.panerai.com/us/en/collections/watch-collection/submersible/pam02070-submersible-quarantaquattro-goldtech-orocarbo.html,https://www.panerai.com/content/dam/rcq/pan/20/81/27/2/2081272.png,USA,2025
Luminor Due Luna Rossa,PAM01378,Luminor Due,PANERAI,"$7,400",$,Available,https://www.panerai.com/us/en/collections/watch-collection/luminor-due/pam01378-luminor-due-luna-rossa.html,https://www.panerai.com/content/dam/rcq/pan/zl/wP/6F/po/ik/mE/rT/Xk/rs/p-/kg/zlwP6FpoikmErTXkrsp-kg.png,USA,2025
Luminor Due,PAM01248,Luminor Due,PANERAI,"$6,900",$,Available,https://www.panerai.com/us/en/collections/watch-collection/luminor-due/pam01248-luminor-due.html,https://www.panerai.com/content/dam/rcq/pan/22/30/73/6/2230736.png,USA,2025
Luminor Due,PAM01273,Luminor Due,PANERAI,"$6,900",$,Available,https://www.panerai.com/us/en/collections/watch-collection/luminor-due/pam01273-luminor-due.html,https://www.panerai.com/content/dam/rcq/pan/22/22/22/7/2222227.png,USA,2025
Luminor Due,PAM01552,Luminor Due,PANERAI,"$6,900",$,Available,https://www.panerai.com/us/en/collections/watch-collection/luminor-due/pam01552-luminor-due.html,https://www.panerai.com/content/dam/rcq/pan/HJ/_a/lw/8B/RA/Sx/Y8/q6/g2/WJ/Ug/HJ_alw8BRASxY8q6g2WJUg.png,USA,2025
Luminor Due,PAM01425,Luminor Due,PANERAI,"$6,900",$,Out of Stock,https://www.panerai.com/us/en/collections/watch-collection/luminor-due/pam01425-luminor-due-prada-re-nylon.html,https://www.panerai.com/content/dam/rcq/pan/q0/6u/Ps/D3/o0/uv/1O/wW/UO/GP/Yw/q06uPsD3o0uv1OwWUOGPYw.png,USA,2025
Luminor Due,PAM01426,Luminor Due,PANERAI,"$6,900",$,Out of Stock,https://www.panerai.com/us/en/collections/watch-collection/luminor-due/pam01426-luminor-due-prada-re-nylon.html,https://www.panerai.com/content/dam/rcq/pan/ys/8B/gl/qv/ZE/-A/GE/12/LW/UK/3Q/ys8BglqvZE-AGE12LWUK3Q.png,USA,2025
Luminor Due,PAM01123,Luminor Due,PANERAI,"$7,700",$,Available,https://www.panerai.com/us/en/collections/watch-collection/luminor-due/pam01123-luminor-due.html,https://www.panerai.com/content/dam/rcq/pan/21/64/94/5/2164945.png,USA,2025
Luminor Due,PAM01508,Luminor Due,PANERAI,"$7,900",$,Available,https://www.panerai.com/us/en/collections/watch-collection/luminor-due/pam01508-luminor-due.html,https://www.panerai.com/content/dam/rcq/pan/6c/CY/ZU/EL/QB/6f/8q/ZA/D8/Xo/Wg/6cCYZUELQB6f8qZAD8XoWg.png,USA,2025
Luminor Due Pastello,PAM01311,Luminor Due,PANERAI,"$7,900",$,Available,https://www.panerai.com/us/en/collections/watch-collection/luminor-due/pam01311-luminor-due-pastello.html,https://www.panerai.com/content/dam/rcq/pan/f0/Kg/cQ/0c/wE/K2/EH/T5/Cr/7Q/tg/f0KgcQ0cwEK2EHT5Cr7Qtg.png,USA,2025
Luminor Due Pastello,PAM01309,Luminor Due,PANERAI,"$7,900",$,Available,https://www.panerai.com/us/en/collections/watch-collection/luminor-due/pam01309-luminor-due-pastello.html,https://www.panerai.com/content/dam/rcq/pan/lD/Ui/oS/Um/JE/C-/Qy/g8/4K/Q5/3A/lDUioSUmJEC-Qyg84KQ53A.png,USA,2025
Luminor Due Pastello,PAM01319,Luminor Due,PANERAI,"$7,900",$,Out of Stock,https://www.panerai.com/us/en/collections/watch-collection/luminor-due/pam01319-luminor-due-pastello.html,https://www.panerai.com/content/dam/rcq/pan/oc/uL/hW/hT/B0/KQ/Ru/GP/Zy/JT/tA/ocuLhWhTB0KQRuGPZyJTtA.png,USA,2025
Luminor Due Luna,PAM01557,Luminor Due,PANERAI,"$9,600",$,Available,https://www.panerai.com/us/en/collections/watch-collection/luminor-due/pam01557-luminor-due-luna.html,https://www.panerai.com/content/dam/rcq/pan/Fl/dN/c2/oV/oU/yF/rG/rC/z5/93/Vw/FldNc2oVoUyFrGrCz593Vw.png,USA,2025
Luminor Due Luna,PAM01179,Luminor Due,PANERAI,"$9,600",$,Available,https://www.panerai.com/us/en/collections/watch-collection/luminor-due/pam01179-luminor-due-luna.html,https://www.panerai.com/content/dam/rcq/pan/U3/zr/M7/Gh/9U/G9/XR/os/H2/bH/KQ/U3zrM7Gh9UG9XRosH2bHKQ.png,USA,2025
Luminor Due Luna,PAM01301,Luminor Due,PANERAI,"$10,400",$,Available,https://www.panerai.com/us/en/collections/watch-collection/luminor-due/pam01301-luminor-due-luna.html,https://www.panerai.com/content/dam/rcq/pan/yO/9E/55/qM/dU/Sl/Ul/is/S7/bp/sA/yO9E55qMdUSlUlisS7bpsA.png,USA,2025
Luminor Due Luna Rossa,PAM01381,Luminor Due,PANERAI,"$7,800",$,Available,https://www.panerai.com/us/en/collections/watch-collection/luminor-due/pam01381-luminor-due-luna-rossa.html,https://www.panerai.com/content/dam/rcq/pan/ZZ/5p/ql/Ii/GU/m5/Th/ET/a1/lS/uw/ZZ5pqlIiGUm5ThETa1lSuw.png,USA,2025
Luminor Due,PAM01388,Luminor Due,PANERAI,"$7,300",$,Available,https://www.panerai.com/us/en/collections/watch-collection/luminor-due/pam01388-luminor-due.html,https://www.panerai.com/content/dam/rcq/pan/KX/C8/SR/J0/CE/Ob/Dt/N5/Fl/Pi/BA/KXC8SRJ0CEObDtN5FlPiBA.png,USA,2025
Luminor Due,PAM01250,Luminor Due,PANERAI,"$7,300",$,Available,https://www.panerai.com/us/en/collections/watch-collection/luminor-due/pam01250-luminor-due.html,https://www.panerai.com/content/dam/rcq/pan/22/22/24/6/2222246.png,USA,2025
Luminor Due Prada Re-Nylon,PAM01428,Luminor Due,PANERAI,"$7,300",$,Available,https://www.panerai.com/us/en/collections/watch-collection/luminor-due/pam01428-luminor-due-prada-re-nylon.html,https://www.panerai.com/content/dam/rcq/pan/ZB/6j/jj/Od/zE/ab/e0/St/3g/TI/Iw/ZB6jjjOdzEabe0St3gTIIw.png,USA,2025
Luminor Due Prada Re-Nylon,PAM01429,Luminor Due,PANERAI,"$7,300",$,Available,https://www.panerai.com/us/en/collections/watch-collection/luminor-due/pam01429-luminor-due-prada-re-nylon.html,https://www.panerai.com/content/dam/rcq/pan/R4/6o/jT/oC/pU/C_/Gh/K-/IU/2v/IQ/R46ojToCpUC_GhK-IU2vIQ.png,USA,2025
Luminor Due,PAM01424,Luminor Due,PANERAI,"$7,300",$,Out of Stock,https://www.panerai.com/us/en/collections/watch-collection/luminor-due/pam01424-luminor-due.html,https://www.panerai.com/content/dam/rcq/pan/pK/6-/0b/sJ/kk/av/im/kS/ar/po/9A/pK6-0bsJkkavimkSarpo9A.png,USA,2025
Luminor Due,PAM01124,Luminor Due,PANERAI,"$8,100",$,Available,https://www.panerai.com/us/en/collections/watch-collection/luminor-due/pam01124-luminor-due.html,https://www.panerai.com/content/dam/rcq/pan/21/64/96/3/2164963.png,USA,2025
Luminor Due,PAM01387,Luminor Due,PANERAI,"$8,300",$,Available,https://www.panerai.com/us/en/collections/watch-collection/luminor-due/pam01387-luminor-due.html,https://www.panerai.com/content/dam/rcq/pan/LX/gr/vc/i1/Rd/ah/0R/1o/M-/Hb/Zw/LXgrvci1Rdah0R1oM-HbZw.png,USA,2025
Luminor Due,PAM01539,Luminor Due,PANERAI,"$8,300",$,Available,https://www.panerai.com/us/en/collections/watch-collection/luminor-due/pam01539-luminor-due.html,https://www.panerai.com/content/dam/rcq/pan/I2/0p/Zu/3Q/TK/uQ/1S/Vo/nF/r1/og/I20pZu3QTKuQ1SVonFr1og.png,USA,2025
Luminor Due Goldtech™ Madreperla,PAM01280,Luminor Due,PANERAI,"$18,600",$,Available,https://www.panerai.com/us/en/collections/watch-collection/luminor-due/pam01280-luminor-due-goldtech-madreperla.html,https://www.panerai.com/content/dam/rcq/pan/21/48/54/2/2148542.png,USA,2025
Luminor Due TuttoOro,PAM01326,Luminor Due,PANERAI,"$37,200",$,Available,https://www.panerai.com/us/en/collections/watch-collection/luminor-due/pam01326-luminor-due-tuttooro.html,https://www.panerai.com/content/dam/rcq/pan/Wm/Uv/lT/il/wE/a8/dg/uF/tk/Z8/0g/WmUvlTilwEa8dguFtkZ80g.png,USA,2025
Luminor Due TuttoOro,PAM01182,Luminor Due,PANERAI,"$37,200",$,Available,https://www.panerai.com/us/en/collections/watch-collection/luminor-due/pam01182-luminor-due-tuttooro.html,https://www.panerai.com/content/dam/rcq/pan/69/xj/mr/-G/S0/K3/fq/D4/rV/5T/9g/69xjmr-GS0K3fqD4rV5T9g.png,USA,2025
Luminor Due Luna Goldtech™ Madreperla ,PAM01181,Luminor Due,PANERAI,"$21,500",$,Available,https://www.panerai.com/us/en/collections/watch-collection/luminor-due/pam01181-luminor-due-luna-goldtech-madreperla.html,https://www.panerai.com/content/dam/rcq/pan/vL/qo/sj/4J/y0/qc/s7/1S/Xz/2T/Ow/vLqosj4Jy0qcs71SXz2TOw.png,USA,2025
Luminor Due Luna TuttoOro,PAM01504,Luminor Due,PANERAI,"$40,200",$,Out of Stock,https://www.panerai.com/us/en/collections/watch-collection/luminor-due/pam01504-luminor-due-luna-tuttooro.html,https://www.panerai.com/content/dam/rcq/pan/_d/1p/UX/qj/lU/eJ/ue/jn/Xb/m-/ZQ/_d1pUXqjlUeJuejnXbm-ZQ.png,USA,2025
Luminor Due Yellow Gold,PAM01423,Luminor Due,PANERAI,"$21,500",$,Available,https://www.panerai.com/us/en/collections/watch-collection/luminor-due/pam01423-luminor-due-yellow-gold.html,https://www.panerai.com/content/dam/rcq/pan/KI/M4/1D/HS/gk/WB/Vm/dk/0q/da/UQ/KIM41DHSgkWBVmdk0qdaUQ.png,USA,2025
Luminor Due Goldtech™,PAM01336,Luminor Due,PANERAI,"$21,500",$,Available,https://www.panerai.com/us/en/collections/watch-collection/luminor-due/pam01336-luminor-due-goldtech.html,https://www.panerai.com/content/dam/rcq/pan/jN/B7/YZ/CE/VE/CY/4u/uI/a2/3A/0w/jNB7YZCEVECY4uuIa23A0w.png,USA,2025
Luminor Due Platinumtech™,PAM01329,Luminor Due,PANERAI,"$39,200",$,Available,https://www.panerai.com/us/en/collections/watch-collection/luminor-due/pam01329-luminor-due-platinumtech.html,https://www.panerai.com/content/dam/rcq/pan/Xu/W3/IW/ST/Jk/K8/Xb/kf/dR/YE/aA/XuW3IWSTJkK8XbkfdRYEaA.png,USA,2025
Luminor Due TuttoOro,PAM01494,Luminor Due,PANERAI,"$41,200",$,Out of Stock,https://www.panerai.com/us/en/collections/watch-collection/luminor-due/pam01494-luminor-due-tuttooro.html,https://www.panerai.com/content/dam/rcq/pan/zA/EI/E5/AD/QZ/GH/AB/em/Gu/yV/hA/zAEIE5ADQZGHABemGuyVhA.png,USA,2025
Luminor Due TuttoOro,PAM01442,Luminor Due,PANERAI,"$41,200",$,Out of Stock,https://www.panerai.com/us/en/collections/watch-collection/luminor-due/pam01442-luminor-due-tuttooro.html,https://www.panerai.com/content/dam/rcq/pan/bO/qc/wN/4t/Tt/CU/Ng/1_/sc/MA/Vw/bOqcwN4tTtCUNg1_scMAVw.png,USA,2025
